Individual,Species,Code,Open,Date,Height,Crown base,D30,DBH,Canopy Axis 1,Canopy Axis 2,Bark1,Bark2,Bark3,Light Index,PAI (plant area index) midday,SAI (stem area index) midday,Net LAI midday,Leaf total wet mass,Subsample total wet mass,Subsample total dry mass,Subsample leaf area (cm2),SLA,Total leaf area (m2),Total canopy area (m2),Calculated LAI,Difference in LAI,Percent error,Comments
AEVE3,Aegiphila verticilata,AEVE,Open,4-Jun,262,160,3,2.2,122,90,NA,NA,NA,4,0.25,0.15,0.1,75.3,20.6,6.925,884.4431773,127.7174263,0.323294035,0.862367183,0.374891394,0.274891394,73.32560798,
STROS1,Stryphnodendron rotundifolium,STRO,Shade,11-Jun,260,140,3.5,2.7,144,127,6.78,5.99,5.71,2,0.31,,,,,NA,NA,NA,,1.436336161,,,,
AEVE2,Aegiphila verticilata,AEVE,Open,4-Jun,302,129,3.7,3.2,88,65,NA,NA,NA,4,0.32,0.17,0.15,216.2,20.2,7.55,690.5401243,91.46226812,0.739083044,0.449247749,1.64515692,1.49515692,90.88232872,
MYFAS8,Myrcia fallax,MYFA,Shade,11-Jun,400,50,3.6,3.5,230,133,2.42,4.68,5.17,1,0.32,,,,,NA,NA,NA,,2.402532982,,,,
STRO3,Stryphnodendron rotundifolium,STRO,Open,31-May,185,120,2.9,"1.2, 1.0",145,90,NA,NA,NA,5,0.32,0.07,0.25,106.4,14.3,7.183,445.9774593,62.08791025,0.33183218,1.024944603,0.323756209,0.073756209,22.78140378,Method C
PEOB5,Pera obovata,PEOB,Open,2-Jun,430,140,6,4.6,194,137,NA,NA,NA,5,0.33,0.09,0.24,1469.3,23.7,3.643,909.5839873,249.6799306,5.63903693,2.087431239,2.70142404,2.46142404,91.11579684,"wetland -- second dry LM found (matches the wet LM), 9.622. Check leaf areas!"
GOBA5,Gochnatia barrosii,GOBA,Open,7-Jul,182,80,2,".5,.5,.5,.5,.5",155,170,1.45,NA,NA,5,0.34,,,,,3.371,328.5427121,97.46149869,,2.069524161,,,,
CAADS1,Campomanesia adamantium,CAAD,Shade,8-Jul,167,60,3.4,"1,.5",148,85,2.34,NA,NA,2,0.4,,,,,2.375,193.2776063,81.38004475,,0.98803089,,,,
STCAS1,Styrax camporum,STCA,Shade,26-May,310,150,2.5,1.8,152,98,NA,NA,NA,2,0.4,0.18,0.22,188,11.4,5.502,620.0601219,112.6972232,1.022555289,1.169929104,0.874031841,0.654031841,74.82929229,No set Accupar method
GOPO11,Moquiniastrum polymorpha,GOPO,Open,31-May,325,60,6.8,"4.5, 4.0",170,115,NA,NA,NA,5,0.42,0.28,0.14,449,27,12.475,758.5984111,60.80949187,1.261521061,1.535453409,0.821595142,0.681595142,82.95997713,Standard method (A)
TACAS3,Tabernaemontana catherinensis,TACA,Shade,11-Jun,195,130,2,".7,.1",108,77,1.78,NA,NA,1,0.48,NA,NA,NA,NA,,,NA,NA,0.653137113,,,,
TAGUS1,Tapirira guianensis,TAGU,Shade,12-Jun,369,165,2.9,2,230,160,1.67,1.7,1.88,2,0.48,,,,,NA,NA,NA,,2.890265241,,,,
GOPOS1,Moquiniastrum polymorpha,GOPO,Shade,11-Jun,380,222,7.4,6.8,230,149,13.4,13.7,13.89,2,0.5,,,,,NA,NA,NA,,2.691559506,,,,
LEELS1,Leptolobium elegans,LEEL,Shade,16-Jun,299,155,6.4,5,133,133,NA,NA,NA,1,0.51,,,,,NA,NA,NA,,1.389290811,,,,
PEOB4,Pera obovata,PEOB,Open,2-Jun,313,60,4.8,3.4,100,88,NA,NA,NA,4,0.51,0.43,0.08,597.3,23.9,10.15,839.5126579,82.71060669,2.098079124,0.691150384,3.035633305,2.955633305,97.36463558,wetland
SCVIS4,Schefflera vinosa,SCVI,Open,28-Jul,294,95,2.4,1.4,120,70,1.93,NA,NA,2,0.51,,,,,17.736,1080.641351,60.92925977,,0.659734457,,,,
RAUMS1,Rapanea umbellata,RAUM,Shade,11-Jun,461,165,3.1,2.7,174,131,1.72,1.35,1.53,2,0.52,,,,,NA,NA,NA,,1.790236574,,,,
STROS2,Stryphnodendron rotundifolium,STRO,Shade,11-Jun,404,179,6.5,5.8,234,212,8.76,9.76,9.23,2,0.52,,,,,NA,NA,NA,,3.896203209,,,,
SYPUS3,Symplocos pubescens,SYPU,Shade,17-Jul,362,90,2.9,2.3,214,278,3.39,2.58,2.99,3,0.52,,,,,6.964,667.177232,95.80373807,,4.672490754,,,,
LEEL4,Leptolobium elegans,LEEL,Open,16-Jun,311,130,7,6.4,225,163,NA,NA,NA,3,0.53,,,,,NA,NA,NA,,2.880447764,,,,
VOTUS1,Vochysia tucanorum,VOTU,Shade,11-Jun,310,196,5.5,3.9,155,144,6.5,6.05,6.42,2,0.53,,,,,NA,NA,NA,,1.753008701,,,,
LAHAS3,Lacistema hassleriana,LAHA,Shade,26-Jul,374,210,1.8,1.5,182,150,1.23,NA,NA,1,0.54,,,,,4.889,778.2858269,,,2.144136986,,,,
LEELS5,Leptolobium elegans,LEEL,Shade,16-Jun,355,155,9.2,6,178,278,NA,NA,NA,2,0.54,0.32,,968.9,17.4,8.714,733.5792497,84.1839855,,3.886464272,,,,
PEOBS1,Pera glabrata,PEOB,Shade,26-May,255,115,2,1.4,140,100,NA,NA,NA,2,0.54,0.05,0.49,169.9,13.2,5.105,210,41.13614104,0.270295455,1.099557429,0.245822044,-0.244177956,-99.33118779,No set Accupar method
CASY2,Casearia sylvestris,CASY,Open,26-Jul,250,100,4,2,75,98,NA,NA,NA,4,0.55,,,,,4.86,388.3101911,79.89921628,,0.57726765,,,,
LEEL6,Leptolobium elegans,LEEL,Open,17-Jun,332,127,8,6.8,220,160,17.9,17.55,20.7,4,0.55,,,,,2.922,175.3325526,60.00429588,,2.764601535,,,,
AEVE5,Aegiphila verticilata,AEVE,Open,4-Jun,167,72,2,2.7,122,94,NA,NA,NA,5,0.56,0.13,0.43,145.7,26.4,9.328,722.8813499,77.49585655,0.398953836,0.900694614,0.442940182,0.012940182,2.921428735,
RAUMS2,Rapanea umbellata,RAUM,Shade,11-Jun,504,194,4.3,3.8,220,140,4.06,3.88,3.42,3,0.56,,,,,NA,NA,NA,,2.419026343,,,,
VOTUS6,Vochysia tucanorum,VOTU,Shade,4-Jul,462,218,5.4,3.5,290,191,NA,NA,NA,2,0.56,,,,,4.024,591.2565953,146.9325535,,4.350320427,,,,
GOBAS1,Gochnatia barrosii,GOBA,Shade,8-Jul,230,140,1.6,".7,.6,.6,.5",140,105,0.63,NA,NA,2,0.57,,,,,3.361,381.7342186,113.5775717,,1.1545353,,,,
MYFAS1,Myrcia fallax,MYFA,Shade,11-Jun,364,190,5.3,4.5,242,222,4.53,4.13,4.58,2,0.59,,,,,NA,NA,NA,,4.219473093,,,,
MYTOS4,Myrcia tomentosa,MYTO,Shade,5-Jul,391,260,5.5,4,230,170,4.95,5.1,3.17,1,0.59,,,,,3.693,330.6445,89.53276469,,3.070906819,,,,
SYPU2,Symplocos pubescens,SYPU,Open,16-Jul,343,130,2.7,2.1,226,180,2.1,2.02,2.24,3,0.59,,,,,3.892,319.4139131,82.06935076,,3.194999729,,,,
GOPO9,Moquiniastrum polymorpha,GOPO,Open,31-May,230,77,2.8,1.5,131,82,NA,NA,NA,5,0.6,0.08,0.52,301.8,25.7,12.641,796.3047873,62.99381278,0.935115894,0.843674707,1.108384412,0.588384412,53.0848689,Standard method (A)
GOBAS4,Gochnatia barrosii,GOBA,Shade,8-Jul,354,160,3.3,"1.8,1.9",266,180,3.64,NA,NA,1,0.61,,,,,6.247,746.396285,119.4807564,,3.760486406,,,,
MAACS10,Machaerium acutifolium,MAAC,Shade,16-Jun,365,220,9.1,7.5,235,180,NA,NA,NA,1,0.61,,,,,10.567,1301.204423,123.1384899,,3.322234231,,,,
PEOBS3,Pera glabrata,PEOB,Shade,26-May,249,108,2,1.9,122,110,NA,NA,NA,2,0.61,0.07,0.54,214.7,15.3,5.5,651.1743966,118.3953448,0.913772176,1.054004335,0.866952958,0.326952958,37.71288337,No set Accupar method -- from plot
LAHAS5,Lacistema hassleriana,LAHA,Shade,26-Jul,540,267,3.4,3,186,135,1.93,1.82,1.52,2,0.62,,,,,7.085,1017.61352,,,1.972134788,,,,
MYFAS5,Myrcia fallax,MYFA,Shade,18-Jun,360,140,6,5,255,184,,,,2,0.62,,,,,2.689,201.4209592,74.90552591,,3.685088183,,,,
MYTOS3,Myrcia tomentosa,MYTO,Shade,5-Jul,324,256,4,3.6,138,157,3.06,3.25,5.02,1,0.63,,,,,3.12,336.4178218,107.8262249,,1.701643661,,,,
RAUMS8,Rapanea umbellata,RAUM,Shade,5-Jul,468,266,3,2.6,148,142,1.69,1.59,1.27,2,0.63,,,,,NA,NA,NA,,1.65059278,,,,
SCVI1,Schefflera vinosa,SCVI,Shade,27-Jul,225,30,2.3,1.3,120,87,1.9,NA,NA,3,0.63,,,,,22.924,1356.748111,59.18461485,,0.819955683,,,,
TAGUS4,Tapirira guianensis,TAGU,Shade,9-Jul,339,55,3.5,2.1,134,88,2.38,NA,NA,2,0.63,,,,,13.845,1001.259073,72.31918185,,0.926141514,,,,
AEVE4,Aegiphila verticilata,AEVE,Open,4-Jun,248,182,3.4,2,82,88,NA,NA,NA,5,0.64,0.13,0.51,87.4,24.3,9.037,806.7682789,89.27390494,0.290170978,0.566743315,0.511997178,0.001997178,0.390075947,
MAACS2,Machaerium acutifolium,MAAC,Shade,11-Jun,159,100,2,0.4,90,60,4.2,4.18,5.61,1,0.64,,,,,NA,NA,NA,,0.424115008,,,,
MYFA7,Myrcia fallax,MYFA,Open,4-Jul,326,140,6,3.5,267,179,9.55,8.35,7.22,4,0.64,,,,,2.162,201.8370874,93.35665466,,3.753653442,,,,
CAADS3,Campomanesia adamantium,CAAD,Shade,8-Jul,212,90,3.8,"1.5,1.8",186,146,1.82,NA,NA,2,0.66,,,,,3.975,285.0332651,71.70648178,,2.132827253,,,,
GOPOS5,Moquiniastrum polymorpha,GOPO,Shade,18-Jun,277,150,3.9,2.2,170,150,7.04,7.95,6.95,2,0.66,,,,,10.911,762.8457861,69.91529522,,2.002765317,,,,
MAACS5,Machaerium acutifolium,MAAC,Shade,16-Jun,250,110,6.1,1.5,185,160,NA,NA,NA,3,0.66,,,,,8.893,819.580153,92.16014314,,2.324778564,,,,
TAGUS2,Tapirira guianensis,TAGU,Shade,12-Jun,410,90,4,3.2,300,175,1.68,1.68,1.59,2,0.66,,,,,NA,NA,NA,,4.123340358,,,,
AEVE1,Aegiphila verticilata,AEVE,Open,4-Jun,266,180,3.6,2.1,160,90,NA,NA,NA,4,0.67,0.13,0.54,129.9,25,9.004,718.9350496,79.84618498,0.373558652,1.130973355,0.330298366,-0.209701634,-63.48854697,
LEEL10,Leptolobium elegans,LEEL,Open,17-Jun,260,136,8.3,"6.1,5.2",195,195,22.14,24.63,22.9,3,0.67,,,,,5.066,422.9623799,83.49040266,,2.986476516,,,,
MYFAS2,Myrcia fallax,MYFA,Shade,18-Jun,222,40,5.4,2.3,160,152,8.62,5.05,7.9,2,0.67,,,,,2.411,205.6101264,85.28001925,,1.910088333,,,,
STROS4,Stryphnodendron rotundifolium,STRO,Shade,21-Jun,287,95,3.9,2.8,140,100,5.97,NA,NA,2,0.67,,,,,6.564,735.162329,111.999136,,1.099557429,,,,
SYPU3,Symplocos pubescens,SYPU,Open,17-Jul,397,236,4.2,3.6,322,202,2.46,2.71,2.64,4,0.67,,,,,7.853,640.6692563,81.58273988,,5.108543814,,,,
VOTUS9,Vochysia tucanorum,VOTU,Shade,5-Jul,306,177,4.9,3.7,177,133,6.81,6.1,6.84,2,0.7,,,,,NA,NA,NA,,1.848905816,,,,
LEEL1,Leptolobium elegans,LEEL,Open,16-Jun,231,100,5.2,3.7,160,115,NA,NA,NA,4,0.71,,,,,NA,NA,NA,,1.445132621,,,,
CASYS10,Casearia sylvestris,CASY,Shade,17-Jul,389,105,3.5,3.4,147,139,1.89,NA,NA,2,0.72,,,,,4.436,677.9815831,152.8362451,,1.604804067,,,,
GOBAS5,Gochnatia barrosii,GOBA,Shade,8-Jul,360,255,5.9,6.1,166,155,5.18,NA,NA,2,0.73,,,,,5.973,724.963783,121.3734778,,2.020829474,,,,
MAAC3,Machaerium acutifolium,MAAC,Open,2-Jun,195,100,"2.3, 4.4","1.2, 1.4, 1.2",110,97,NA,NA,NA,5,0.73,0.35,0.38,226.1,22.6,14.381,1002.509608,69.71070217,1.002953196,0.83801984,1.196813187,0.816813187,68.24901296,
MAACS7,Machaerium acutifolium,MAAC,Shade,16-Jun,385,281,2.9,2.7,100,80,NA,NA,NA,3,0.73,,,,,7.152,597.2197375,83.50387828,,0.628318531,,,,
PEOB2,Pera obovata,PEOB,Open,4-Jul,263,140,2.1,1.5,130,120,NA,NA,NA,3,0.74,,,,,7.249,708.6522028,97.75861536,,1.225221135,,,,
LEEL3,Leptolobium elegans,LEEL,Open,16-Jun,242,80,5.6,"2.2,2",144,125,NA,NA,NA,3,0.76,,,,,NA,NA,NA,,1.413716694,,,,
OCCOS3,Ocotea corymbosa,OCCO,Shade,22-Jun,280,130,3.3,2.8,280,123,2.05,2.02,2.69,2,0.76,,,,,NA,NA,NA,,2.704911275,,,,
OCCOS1,Ocotea corymbosa,OCCO,Shade,11-Jun,402,292,3.6,3,170,125,1.46,1.83,1.57,1,0.77,,,,,NA,NA,NA,,1.668971097,,,,
PRHE4,Protium heptaphyllum,PRHE,Open,18-Jul,431,155,3.8,3.3,195,120,2,2.23,1.55,3,0.77,,,,,17.464,1695.707648,97.09732295,,1.837831702,,,,
STCAS2,Styrax camporum,STCA,Shade,12-Jun,291,110,2.6,2,195,185,1.91,1.61,1.4,1,0.77,,,,,NA,NA,NA,,2.833323874,,,,
AEVES1,Aegiphila verticilata,AEVE,Shade,19-Jun,235,120,3.2,1.6,160,120,NA,NA,NA,2,0.78,,,,,9.581,923.3180817,96.36969854,,1.507964474,,,,
MAAC1,Machaerium acutifolium,MAAC,Open,2-Jun,265,110,5,2.7,149,116,NA,NA,NA,5,0.78,0.34,0.44,409.3,22.3,11.044,929.1021561,84.12732308,1.705298262,1.357482186,1.256221467,0.816221467,64.97432884,
OCCOS9,Ocotea corymbosa,OCCO,Shade,21-Jun,435,247,4.3,3.7,185,120,2.14,2.4,2.42,2,0.78,,,,,5.135,370.343417,72.12140546,,1.743583923,,,,
LEEL5,Leptolobium elegans,LEEL,Open,17-Jun,335,170,7.9,7.3,135,110,20.93,24.68,22.44,4,0.79,,,,,4.5,290.0608536,64.45796746,,1.166316273,,,,
LEELS6,Leptolobium elegans,LEEL,Shade,17-Jun,292,198,7.3,"4.8,3.4",180,140,NA,NA,NA,2,0.79,,,,,4.316,335.4060675,77.7122492,,1.979203372,,,,
MILIS2,Miconia ligustroides,MILI,Shade,30-Jun,230,150,2.3,2,130,126,1.65,1.71,2.12,2,0.79,,,,,5.242,455.897081,86.97006506,,1.286482192,,,,
STROS8,Stryphnodendron rotundifolium,STRO,Shade,19-Jun,240,49,4.5,"1.9,2",153,150,NA,NA,NA,2,0.79,,,,,6.455,761.2769721,117.9360143,,1.802488785,,,,
GOPO5,Moquiniastrum polymorpha,GOPO,Open,29-May,355,120,"8.2, 6.0","4, 5, 5.4, 3.6, 5.4",408,309,NA,NA,NA,5,0.8,0.39,0.41,755.9,23.6,12.97,827.9045807,63.832273,2.651750308,9.901671726,0.267808344,-0.142191656,-53.09455781,Standard method (A)
MYFAS6,Myrcia fallax,MYFA,Shade,16-Jun,290,115,4,3,99,85,5.65,7.49,7.5,1,0.8,,,,,NA,NA,NA,,0.660912554,,,,
OCMIS4,Ocotea minarum,OCMI,Shade,17-Jul,407,278,1.8,1.7,137,152,1.09,NA,NA,1,0.8,,,,,5.811,777.5628893,133.8087918,,1.635513135,,,,
TEGLS4,Terminalia glabrescens,TEGL,Shade,26-Jul,477,230,3.8,3,310,170,3.12,2.48,3.58,2,0.8,,,,,5.282,648.1241518,122.7043074,,4.139048321,,,,Might need to swich TEGLS4 and TEGL4
MYFA6,Myrcia fallax,MYFA,Open,4-Jul,377,170,8.7,10,257,197,0.81,NA,NA,4,0.81,,,,,NA,NA,NA,,3.976392361,,,,
GOPO6,Moquiniastrum polymorpha,GOPO,Open,29-May,280,111,6.8,4.1,247,239,NA,NA,NA,5,0.82,0.31,0.51,855.5,28.1,12.896,865.1875886,67.0896083,2.634049758,4.636440978,0.568118902,0.058118902,10.23005957,Standard method (A)
LAHA1,Lacistema hasslerianum,LAHA,Open,28-May,170,16,2,1.5,140,110,NA,NA,NA,2,0.82,0.27,0.55,227.7,17.8,6.742,816.5050337,121.1072432,1.044484248,1.209513172,0.863557564,0.313557564,36.30997829,No set Accupar method
LEEL2,Leptolobium elegans,LEEL,Open,16-Jun,242,100,4.7,3.5,232,110,NA,NA,NA,3,0.82,,,,,NA,NA,NA,,2.004336113,,,,
MYFAS3,Myrcia fallax,MYFA,Shade,18-Jun,290,130,4,5.5,225,155,8.63,10.13,17.71,3,0.82,,,,,2.991,245.0362124,81.92451101,,2.739076095,,,,
OCCOS2,Ocotea corymbosa,OCCO,Shade,16-Jun,322,144,3,2.2,150,160,1.53,1.46,1.56,1,0.82,,,,,NA,NA,NA,,1.884955592,,,,
AEVE6,Aegiphila verticilata,AEVE,Open,19-Jun,300,140,4.7,3.5,95,79,NA,NA,NA,4,0.83,,,,,,,#DIV/0!,,0.589441322,,,,
LEEL7,Leptolobium elegans,LEEL,Open,17-Jun,160,80,6.4,"1,1,1,1",120,96,14.01,16.42,14.44,4,0.83,,,,,3.756,274.0620325,72.96646233,,0.904778684,,,,
MYFAS7,Myrcia fallax,MYFA,Shade,16-Jun,212,30,1.7,1,107,75,1.9,1.73,1.89,1,0.83,,,,,NA,NA,NA,,0.630282026,,,,
OCCO2,Ocotea corymbosa,OCCO,Open,31-May,394,105,4.5,3.5,260,230,NA,NA,NA,5,0.83,0.13,0.7,1078.6,19.4,11.037,670.584537,60.75786327,3.728311761,4.696681017,0.793818389,0.093818389,11.81862132,Method A
RAUM1,Myrsine umbellatum,RAUM,Open,28-May,311,183,3,2,154,95,NA,NA,NA,2,0.83,0.16,0.67,283.3,21,9.894,610.7538323,61.72971824,0.823936003,1.149037513,0.717066235,0.047066235,6.563722094,No set Accupar method
RAUMS10,Rapanea umbellata,RAUM,Shade,5-Jul,664,323,4.9,3.9,187,155,2.61,3.61,2.93,3,0.83,,,,,NA,NA,NA,,2.276476577,,,,
TAGUS3,Tapirira guianensis,TAGU,Shade,12-Jun,223,110,1.6,1,129,65,NA,NA,NA,1,0.83,,,,,NA,NA,NA,,0.65855636,,,,
CASY1,Casearia sylvestris,CASY,Open,26-Jul,205,90,2.4,1,53,52,NA,NA,NA,4,0.84,,,,,4.572,318.8415129,69.7378637,,0.216455734,,,,
LEEL9,Leptolobium elegans,LEEL,Open,17-Jun,254,120,7.6,6,160,140,23.73,25,21.62,3,0.84,,,,,4.593,404.6756064,88.10703384,,1.759291886,,,,
MAAC2,Machaerium acutifolium,MAAC,Open,2-Jun,177,80,2.6,1,110,80,NA,NA,NA,5,0.84,0.11,0.73,132.8,21.4,13.253,1092.88828,82.46346338,0.678203568,0.691150384,0.98126773,0.25126773,25.60643975,
MAELS4,Matayba eleagnoides,MAEL,Shade,3-Jul,770,263,7.1,6.6,170,130,2.35,2.98,2.21,1,0.84,,,,,9.231,854.4988645,92.56839611,,1.735729941,,,,
STCA3,Styrax camporum,STCA,Open,5-Jul,337,155,3.8,2.9,174,150,2.48,2.22,2.65,3,0.84,,,,,4.289,331.479337,77.2859261,,2.049889206,,,,
LEELS2,Leptolobium elegans,LEEL,Shade,16-Jun,202,70,4.2,3,135,135,NA,NA,NA,2,0.85,,,,,NA,NA,NA,,1.431388153,,,,
STROS3,Stryphnodendron rotundifolium,STRO,Shade,16-Jun,160,90,4,NA,173,163,6.42,7.4,6.61,1,0.85,,,,,NA,NA,NA,,2.214744281,,,,
STROS6,Stryphnodendron rotundifolium,STRO,Shade,21-Jun,180,105,2.8,2.7,130,100,6.45,NA,NA,2,0.85,,,,,NA,NA,NA,,1.021017612,,,,
LEELS9,Leptolobium elegans,LEEL,Shade,17-Jun,222,110,6.9,4.5,185,135,20.06,17.29,19.46,1,0.86,,,,,4.656,356.8683902,76.64699102,,1.961531913,,,,
MABRS1,Machaerium brasiliense,MABR,Shade,17-Jun,261,160,2.2,2,80,70,NA,NA,NA,2,0.86,,,,,8.685,814.4552886,93.77723531,,0.439822972,,,,
CAADS4,Campomanesia adamantium,CAAD,Shade,8-Jul,214,130,3.4,"1.7,1.4,1.3",163,112,1.41,NA,NA,3,0.87,,,,,4.365,313.4271868,71.80462469,,1.433822887,,,,
GOBAS3,Gochnatia barrosii,GOBA,Shade,8-Jul,255,80,2.5,".8,1.1,.7,.7",253,167,2.51,NA,NA,1,0.87,,,,,5.563,733.1657738,131.7932363,,3.31838578,,,,
MAAC4,Machaerium acutifolium,MAAC,Open,2-Jun,172,70,1.8,0.8,70,60,NA,NA,NA,5,0.87,0.13,0.74,99.8,21.1,13.165,1025.215871,77.87435402,0.48491253,0.329867229,1.470023356,0.730023356,49.66066374,
MYFA4,Myrcia fallax,MYFA,Open,30-Jun,322,70,6,"3.2,3,2.3",240,225,8.7,7.53,9.73,4,0.87,,,,,3.825,330.447081,86.39139374,,4.241150082,,,,
MYFAS4,Myrcia fallax,MYFA,Shade,18-Jun,357,160,4.3,4.1,300,146,3.75,4.18,3.62,2,0.87,,,,,2.958,234.8547274,79.39645957,,3.440043956,,,,
OCCO5,Ocotea corymbosa,OCCO,Open,2-Jun,234,65,3.2,1.8,131,98,NA,NA,NA,5,0.87,0.26,0.61,565,18,10.44,671.6631728,64.33555295,2.10827607,1.008294162,2.090933528,1.480933528,70.82642792,
PEOBS2,Pera glabrata,PEOB,Shade,26-May,264,62,1.8,1,155,126,NA,NA,NA,2,0.87,0.06,0.81,236.1,24.3,9.08,1045.030885,115.0915071,1.015357168,1.533882613,0.661952329,-0.148047671,-22.36530704,No set Accupar method
GOBA4,Gochnatia barrosii,GOBA,Open,7-Jul,238,120,3,"1.4,1.6,1,.9",209,167,2.19,NA,NA,5,0.88,,,,,4.126,431.7014305,104.6295275,,2.74127521,,,,
PRHES5,Protium heptaphyllum,PRHE,Shade,14-Jul,654,175,4.9,4.8,225,238,NA,NA,NA,2,0.88,,,,,14.318,1777.859957,124.1695737,,4.205807165,,,,
RAUM6,Rapanea umbellata,RAUM,Open,14-Jul,374,202,3.8,3.2,310,180,2.12,1.78,1.5,3,0.88,,,,,NA,NA,NA,,4.382521752,,,,
MYFA8,Myrcia fallax,MYFA,Open,4-Jul,392,188,4.7,2.9,138,158,5.31,5.14,4.39,4,0.89,,,,,2.719,227.3469288,83.61417022,,1.712482155,,,,
PLPOS2,Plenckia populnea,PLPO,Shade,11-Jun,365,103,4.2,"3.4,2.0",190,130,6.15,7.15,7.58,2,0.89,,,,,4.165,535.3252376,128.5294688,,1.939933464,,,,
VOTUS2,Vochysia tucanorum,VOTU,Shade,12-Jun,194,70,2.9,1.5,158,135,4.15,3.35,3.04,1,0.89,,,,,NA,NA,NA,,1.675254283,,,,
GOPO4,Moquiniastrum polymorpha,GOPO,Open,29-May,315,110,7.8,7,311,177,NA,NA,NA,5,0.9,0.21,0.69,1049.9,23.9,10.583,696.1703639,65.78194878,3.058197762,4.32338127,0.707362495,0.017362495,2.454539941,Standard method (A)
GOPO8,Moquiniastrum polymorpha,GOPO,Open,31-May,225,67,2,1.1,129,89,NA,NA,NA,5,0.9,0.34,0.56,268.9,23.3,12.596,809.3119298,64.25150284,0.934008489,0.901715631,1.035812685,0.475812685,45.93617086,Standard method (A)
GOPOS4,Moquiniastrum polymorpha,GOPO,Shade,18-Jun,390,60,"7.2,5.5","6.5,4.8",375,267,13.64,11.75,12.03,3,0.9,,,,,10.665,686.3026417,64.35092749,,7.863799111,,,,
MYTO1,Myrcia tomentosa,MYTO,Open,16-Jun,320,115,4.8,2.7,310,200,NA,NA,NA,4,0.9,,,,,6.918,523.3897776,75.65622689,,4.869468613,,,,
MAACS1,Machaerium acutifolium,MAAC,Shade,11-Jun,550,70,11.5,8.7,230,200,14.26,12.59,18.72,3,0.91,,,,,NA,NA,NA,,3.612831552,,,,
SIGUS6,Siparuna guianensis,SIGU,Shade,3-Jul,549,282,3.3,2.6,300,155,1.61,1.47,1.67,1,0.91,,,,,3.468,497.6443811,143.496073,,3.65210146,,,,
SYPU4,Symplocos pubescens,SYPU,Open,17-Jul,470,188,5.7,4.3,288,204,6.23,6.47,5.35,4,0.91,,,,,8.166,751.1935514,91.99039326,,4.61437129,,,,
PRHE1,Protium heptaphyllum,PRHE,Open,18-Jul,541,150,4.9,4.5,368,238,3.2,3.53,3.58,5,0.92,,,,,10.144,953.221391,93.96898571,,6.878831274,,,,
SIGU4,Siparuna guianensis,SIGU,Open,11-Jul,508,334,5.3,4.9,238,138,1.86,1.88,2.37,3,0.92,,,,,5.184,572.9772053,110.5280103,,2.579561728,,,,
CAADS2,Campomanesia adamantium,CAAD,Shade,8-Jul,160,55,2,1,93,70,1.59,NA,NA,3,0.93,,,,,3.918,328.7208479,83.90016537,,0.511294204,,,,
GOBAS2,Gochnatia barrosii,GOBA,Shade,8-Jul,249,90,2,"1.3,.8",177,154,1.6,NA,NA,2,0.93,,,,,3.772,394.9828659,104.7144395,,2.140838314,,,,
GOPO13,Moquiniastrum polymorpha,GOPO,Open,31-May,361,153,6,5.4,265,228,NA,NA,NA,5,0.93,0.35,0.58,1755.8,24.2,12.865,862.6903176,67.05715644,6.25913909,4.745375703,1.318997584,0.738997584,56.02721287,Standard method (A)
GOPO7,Moquiniastrum polymorpha,GOPO,Open,29-May,230,40,9.5,"1.7, 2.0",270,230,NA,NA,NA,5,0.93,0.1,0.83,988.6,27.8,15.394,972.9901687,63.20580542,3.460065039,4.877322595,0.709418943,-0.120581057,-16.9971578,Standard method (A)
MAELS2,Matayba eleagnoides,MAEL,Shade,5-Jul,445,244,5.9,4.9,237,167,4.15,3.45,2.7,3,0.93,,,,,8.995,743.7832436,82.68852069,,3.108527391,,,,
MAELS5,Matayba eleagnoides,MAEL,Shade,9-Jul,278,181,3.4,2.7,149,132,2.92,NA,NA,2,0.93,,,,,11.372,990.0970879,87.06446429,,1.544721108,,,,
PEOB3,Pera obovata,PEOB,Open,4-Jul,340,105,3.3,1.9,130,125,2.48,2.94,2.44,4,0.93,,,,,3.995,397.6228607,99.53012783,,1.276272016,,,,
PEOB6,Pera obovata,PEOB,Open,2-Jun,257,20,4.3,"1, 1, 1, 1, 1, 1, 1, 1, 1",165,131,NA,NA,NA,5,0.93,0.24,0.69,1406.7,25.2,9.552,845.2857646,88.49306581,4.718505893,1.69763813,2.779453294,2.089453294,75.17497411,Method A; formerly PEOB3 -- wetland
RAUMS3,Rapanea umbellata,RAUM,Shade,11-Jun,441,263,2.9,2.5,137,113,1.91,1.84,2.13,1,0.93,,,,,NA,NA,NA,,1.215874897,,,,
SCVIS2,Schefflera vinosa,SCVI,Open,27-Jul,306,175,3.7,"2,2.6",229,100,1.94,NA,NA,2,0.93,,,,,13.055,818.5727715,62.70185917,,1.798561794,,,,
LAHAS4,Lacistema hassleriana,LAHA,Shade,26-Jul,405,210,2.1,1.9,147,145,1.72,NA,NA,1,0.94,,,,,2.248,392.3288211,,,1.674076185,,,,
SYPUS4,Symplocos pubescens,SYPU,Shade,17-Jul,276,130,2.2,1.8,157,96,1.89,NA,NA,2,0.94,,,,,7.68,699.0056271,91.01635769,,1.183752112,,,,
LAHAS1,Lacistema hasslerianum,LAHA,Shade,11-Jun,460,120,5,4.4,210,160,1.48,1.28,1.39,1,0.95,,,,,NA,NA,NA,,2.638937829,,,,
RAUM10,Rapanea umbellata,RAUM,Open,14-Jul,317,200,2.9,2.3,120,92,NA,NA,NA,4,0.95,,,,,NA,NA,NA,,0.867079572,,,,
TAGUS5,Tapirira guianensis,TAGU,Shade,14-Jul,330,175,3.2,2.5,170,160,NA,NA,NA,1,0.95,,,,,18.669,1741.449922,93.28030008,,2.136283004,,,,
CAADS5,Campomanesia adamantium,CAAD,Shade,8-Jul,198,105,4,"2.5,1.5,1.2",200,164,2.14,NA,NA,3,0.96,,,,,4.926,381.8451144,77.51626359,,2.576105976,,,,
LEELS10,Leptolobium elegans,LEEL,Shade,17-Jun,235,130,7,"4.5,6",230,170,19.67,20.17,18.2,3,0.96,,,,,5.191,428.7308988,82.59119607,,3.070906819,,,,
OCMIS3,Ocotea minarum,OCMI,Shade,3-Jul,520,304,3.8,3.1,270,175,3.02,2.27,2.28,2,0.96,,,,,7.292,692.5520916,94.97423088,,3.711006322,,,,
SIGUS7,Siparuna guianensis,SIGU,Shade,13-Jul,625,402,4.8,4.2,290,190,NA,NA,NA,1,0.96,,,,,5.865,888.6208034,151.5124984,,4.32754388,,,,
MAAC7,Machaerium acutifolium,MAAC,Open,18-Jun,546,252,12.5,12,337,244,NA,NA,NA,4,0.97,,,,,NA,NA,NA,,6.458172018,,,,10% lost
GOPO10,Moquiniastrum polymorpha,GOPO,Open,31-May,301,60,6.2,5.4,357,162,NA,NA,NA,5,0.98,0.25,0.73,919.3,25.7,12.946,836.659617,64.6268822,2.99276726,4.542271738,0.65887015,-0.07112985,-10.79573119,Standard method (A)
CASYS1,Casearia sylvestris,CASY,Shade,11-Jun,378,133,3.8,2.9,155,118,2.94,1.69,3.36,1,0.99,,,,,,,NA,,1.436493241,,,,
CASYS2,Casearia sylvestris,CASY,Shade,11-Jun,522,20,4.4,3.3,385,281,3.1,3.6,2.64,2,0.99,,,,,,,NA,,8.496830031,,,,
GOBA3,Gochnatia barrosii,GOBA,Open,7-Jul,237,90,2.6,2,174,173,2,NA,NA,5,0.99,,,,,5.375,491.2274763,91.39115839,,2.364205551,,,,
STRO8,Stryphnodendron rotundifolium,STRO,Open,20-Jun,456,232,7.8,6.8,206,195,NA,NA,NA,4,0.99,,,,,NA,NA,NA,,3.154944422,,,,
SYPU5,Symplocos pubescens,SYPU,Open,17-Jul,491,290,4.9,3.6,188,159,3.84,2.59,3.02,4,0.99,,,,,5.029,425.1221605,84.53413412,,2.34771219,,,,
SYPUS1,Symplocos pubescens,SYPU,Shade,16-Jul,370,150,3.4,3,375,141,3.59,6.03,3.2,3,0.99,,,,,6.464,478.606713,74.04188011,,4.152792789,,,,
CUVES2,Cupania vernalis,CUVE,Shade,11-Jun,333,138,2.7,2.1,155,120,1.02,NA,NA,1,1,,,,,,,NA,,1.460840584,,,,
MAACS6,Machaerium acutifolium,MAAC,Shade,16-Jun,268,177,3.2,1.9,115,111,NA,NA,NA,2,1,,,,,NA,NA,NA,,1.002560756,,,,
LEELS3,Leptolobium elegans,LEEL,Shade,16-Jun,278,107,5.5,4,187,187,NA,NA,NA,2,1.01,,,,,NA,NA,NA,,2.746458838,,,,
MYTOS5,Myrcia tomentosa,MYTO,Shade,16-Jul,255,150,4.7,4.1,178,173,4.38,4.46,4.98,2,1.01,,,,,6.85,570.0262435,83.21550999,,2.418555104,,,,
SYPU1,Symplocos pubescens,SYPU,Open,16-Jul,185,70,1.5,0.9,210,129,1.56,1.25,1.82,4,1.01,,,,,4.968,412.5332968,83.03810322,,2.127643625,,,,
LAHAS2,Lacistema hassleriana,LAHA,Shade,26-Jul,212,70,1.1,0.7,110,85,NA,NA,NA,1,1.02,,,,,2.951,460.5221614,,,0.734347283,,,,
TACAS6,Tabernaemontana catherinensis,TACA,Shade,22-Jun,610,267,9.1,7.5,262,200,NA,NA,NA,1,1.02,NA,NA,NA,NA,10.263,1300.168296,126.6850137,NA,4.115486376,,,,2nd sample labeled TACAS6 -- 5.075 g
PLEL1,Platypodium elegans,PLEL,Open,11-Jun,533,270,11.4,"6.9,7.8",391,291,19.03,14.3,15.55,4,1.03,,,,,NA,NA,NA,,8.936338843,,,,
GOBA2,Gochnatia barrosii,GOBA,Open,7-Jul,277,105,2.5,"1.7,1",200,170,2.01,NA,NA,5,1.04,,,,,3.898,355.5250954,91.20705372,,2.670353756,,,,
MAACS9,Machaerium acutifolium,MAAC,Shade,16-Jun,210,100,5.2,"1,1",240,165,NA,NA,NA,2,1.04,,,,,10.945,1110.115916,101.4267625,,3.110176727,,,,
MAEL4,Matayba eleagnoides,MAEL,Open,14-Jul,379,110,4.2,"2.8,2.7",210,174,2.2,2.1,2.06,4,1.04,,,,,13.155,920.7136424,69.98963455,,2.869844889,,,,
MYFA2,Myrcia fallax,MYFA,Open,20-Jun,254,105,4.8,2.5,184,154,1.04,NA,NA,4,1.04,,,,,NA,NA,NA,,2.225504236,,,,
TACAS4,Tabernaemontana catherinensis,TACA,Shade,11-Jun,330,148,5.2,"3,3.8",310,145,3.41,3.02,3.04,1,1.04,NA,NA,NA,NA,3.594,595.7436114,165.7606042,NA,3.530364744,,,,
CASY4,Casearia sylvestris,CASY,Open,26-Jul,198,100,2.8,1.7,90,70,6.87,6.34,NA,4,1.05,,,,,4.565,382.3861169,83.76475727,,0.494800843,,,,
GOPO12,Moquiniastrum polymorpha,GOPO,Open,31-May,322,75,7.2,4.5,279,242,NA,NA,NA,5,1.05,0.26,0.79,1014.9,23.3,13.003,850.4224569,65.40201929,3.704265028,5.30285132,0.698542125,-0.091457875,-13.0926786,Standard method (A)
GOPOS8,Moquiniastrum polymorpha,GOPO,Shade,21-Jun,374,150,6.8,6.5,257,258,NA,NA,NA,3,1.05,,,,,5.569,344.6115688,61.88033199,,5.207661062,,,,
PEOB10,Pera obovata,PEOB,Open,5-Jul,717,317,6.1,5.1,305,184,3.1,3.05,2.62,4,1.05,,,,,NA,NA,NA,,4.407654493,,,,
SCVI3,Schefflera vinosa,SCVI,Shade,27-Jul,314,184,4.2,3.2,223,200,2.7,NA,NA,3,1.05,,,,,22.315,1282.381593,57.46724593,,3.502875809,,,,
STCAS5,Styrax camporum,STCA,Shade,4-Jul,364,165,4.8,3.5,160,188,2.65,2.38,2.61,2,1.05,,,,,8.148,695.4684298,85.35449556,,2.362477675,,,,
CASYS9,Casearia sylvestris,CASY,Shade,18-Jun,428,110,5.2,3.5,225,220,NA,NA,NA,1,1.06,,,,,4.914,630.7746524,128.3627701,,3.887720909,,,,
PLPOS4,Plenckia populnea,PLPO,Shade,11-Jun,309,189,5.7,5,201,129,10.99,11.44,10.06,2,1.06,,,,,3.222,373.2785366,115.8530529,,2.036458898,,,,
PRHES4,Protium heptaphyllum,PRHE,Shade,14-Jul,708,230,5,4.9,480,335,NA,NA,NA,1,1.06,,,,,13.332,1711.401452,128.3679457,,12.62920247,,,,
LEEL8,Leptolobium elegans,LEEL,Open,17-Jun,188,70,6.5,"4,2.9",170,100,16.72,18.71,22.72,4,1.07,,,,,3.003,210.6090411,70.13288083,,1.335176878,,,,
SIGUS2,Siparuna guianensis,SIGU,Shade,3-Jul,622,330,3.8,3.4,290,236,1.54,1.64,1.74,2,1.07,,,,,5.848,680.1603601,116.3064911,,5.37526503,,,,
STRO6,Stryphnodendron rotundifolium,STRO,Open,20-Jun,344,160,7.8,7.6,255,233,NA,NA,NA,5,1.07,,,,,NA,NA,NA,,4.666443188,,,,
TEGL3,Terminalia glabrescens,TEGL,Open,5-Jul,1050,337,12,10.8,570,378,8.86,8.1,7.35,5,1.08,,,,,NA,NA,NA,,16.92218883,,,,
MAACS4,Machaerium acutifolium,MAAC,Shade,18-Jun,220,60,3.7,1.9,190,123,NA,NA,NA,2,1.09,,,,,NA,NA,NA,,1.835475508,,,,
MILIS3,Miconia ligustroides,MILI,Shade,30-Jun,261,140,3,2.4,120,100,1.91,1.53,1.32,3,1.09,,,,,2.752,281.0985059,102.1433524,,0.942477796,,,,
PRHE5,Protium heptaphyllum,PRHE,Open,18-Jul,572,150,5.9,5.3,249,255,2.77,2.93,2.26,4,1.09,,,,,15.376,1445.045855,93.98060974,,4.986885638,,,,
CUVES5,Cupania vernalis,CUVE,Shade,20-Jul,950,424,10.2,8.5,330,222,NA,NA,NA,2,1.1,,,,,14.81,1189.710667,80.3315778,,5.753826945,,,,
STRO5,Stryphnodendron rotundifolium,STRO,Open,31-May,277,115,7.1,5.1,237,189,NA,NA,NA,5,1.1,0.51,0.59,1759,24.2,13.098,812.2952213,62.016737,5.904245018,3.518033993,1.678279695,1.088279695,64.84495393,Method A
STROS5,Stryphnodendron rotundifolium,STRO,Shade,21-Jun,202,100,3,"1,1",171,147,5.35,NA,NA,2,1.1,,,,,4.763,451.8579493,94.86834964,,1.974255363,,,,
MYTOS2,Myrcia tomentosa,MYTO,Shade,5-Jul,261,85,2.8,1.9,102,100,3.5,2.45,2.52,3,1.12,,,,,6,398.0255122,66.33758537,,0.801106127,,,,
PRHES1,Protium heptaphyllum,PRHE,Shade,6-Jul,589,190,6.9,5.9,190,187,2.25,2.2,2.73,1,1.13,,,,,18.38,1868.187446,101.6424073,,2.790519675,,,,
ANCR1,Annona crassiflora,ANCR,Open,20-Jun,464,170,11.8,10.4,236,316,NA,NA,NA,5,1.14,,,,,6.18,379.9370896,61.47849346,,5.857185343,,,,
GOPOS2,Moquiniastrum polymorpha,GOPO,Shade,11-Jun,345,165,5.9,5,220,180,13.05,11.08,8.36,2,1.14,,,,,NA,NA,NA,,3.110176727,,,,
MAAC8,Machaerium acutifolium,MAAC,Open,16-Jun,342,145,5,3.8,195,190,NA,NA,NA,4,1.14,,,,,NA,NA,NA,,2.909900195,,,,
MYFAS11,Myrcia fallax,MYFA,Shade,23-Jul,282,90,2.7,"2.4,2.1",160,140,NA,NA,NA,2,1.14,,,,,NA,NA,NA,,1.759291886,,,,
SYPUS5,Symplocos pubescens,SYPU,Shade,17-Jul,332,20,3.1,2.2,216,173,2.25,2.03,2.58,2,1.14,,,,,8.38,712.1543463,84.98261889,,2.934875857,,,,
VOTU4,Vochysia tucanorum,VOTU,Open,,280,40,4,2.8,234,210,NA,NA,NA,5,1.14,0.2,0.94,957.7,22.4,7.711,597.2050421,77.44845573,2.553318165,3.859446575,0.661576243,-0.278423757,-42.0849086,Standard method (A)
CAAD5,Campomanesia adamantium,CAAD,Open,8-Jul,191,140,4.1,"1.1,1.1,1.2,1.3",192,140,2.8,NA,NA,4,1.15,,,,,3.641,266.7059182,73.25073282,,2.111150263,,,,
LEELS7,Leptolobium elegans,LEEL,Shade,16-Jun,190,100,8.4,"5.2,5.2",197,124,NA,NA,NA,3,1.16,,,,,NA,NA,NA,,1.918570634,,,,
LEELS8,Leptolobium elegans,LEEL,Shade,16-Jun,232,90,7.6,4.8,190,167,NA,NA,NA,2,1.16,,,,,NA,NA,NA,,2.492068372,,,,
MAACS3,Machaerium acutifolium,MAAC,Shade,16-Jun,615,309,9.6,9.4,262,200,16.52,14.93,14.92,3,1.16,,,,,NA,NA,NA,,4.115486376,,,,
OCCOS10,Ocotea corymbosa,OCCO,Shade,21-Jun,365,145,4.1,3.2,250,230,2.75,2.64,2.04,2,1.16,,,,,3.448,270.916089,78.57195156,,4.51603944,,,,
ANCR3,Annona crassiflora,ANCR,Open,21-Jun,444,40,9.9,8,162,171,NA,NA,NA,4,1.17,,,,,6.52,481.6351658,73.8704242,,2.175709992,,,,
PRHE2,Protium heptaphyllum,PRHE,Open,18-Jul,504,254,5,4.6,217,170,2.49,2.63,2.34,4,1.18,,,,,12.739,1083.180056,85.02865656,,2.897333825,,,,
VOTUS8,Vochysia tucanorum,VOTU,Shade,5-Jul,538,371,7.9,6,222,215,6.18,6.22,6.55,3,1.18,,,,,5.783,618.5382611,106.9580254,,3.748705434,,,,
MABRS3,Machaerium brasiliense,MABR,Shade,20-Jun,404,110,5.4,3.3,216,166,NA,NA,NA,2,1.19,,,,,8.288,680.4995709,82.10660846,,2.816123655,,,,
STROS7,Stryphnodendron rotundifolium,STRO,Shade,19-Jun,200,50,2.3,2,110,150,NA,NA,NA,3,1.19,,,,,9.358,998.1500467,106.6627534,,1.29590697,,,,
MIALS5,Miconia albicans,MIAL,Shade,12-Jul,359,95,3.6,"2.8,1.5",180,125,3.36,3.29,3.36,2,1.2,,,,,NA,NA,NA,,1.767145868,,,,
TACAS2,Tabernaemontana catherinensis,TACA,Shade,12-Jun,542,363,5.6,4,287,188,4.64,4.83,5.94,1,1.2,NA,NA,NA,NA,,,NA,NA,4.23769433,,,,
MIAL1,Miconia albicans,MIAL,Open,12-Jul,276,40,4.8,"2.3,1.7",191,178,4.33,5.28,4.5,4,1.21,,,,,11.993,642.8150585,53.59918773,,2.670196676,,,,
MYFA5,Myrcia fallax,MYFA,Open,4-Jul,506,140,8.9,7,348,276,9.07,10.17,10.5,5,1.21,,,,,2.202,180.1256613,81.80093608,,7.54359228,,,,
OCCOS8,Ocotea corymbosa,OCCO,Shade,21-Jun,410,248,4.9,4.5,335,250,2.48,2.45,2.33,2,1.21,,,,,3.792,261.591018,68.98497311,,6.577709618,,,,
RAUM2,Rapanea umbellata,RAUM,Open,30-Jun,348,150,4,3.6,142,130,2.83,2.52,2.68,4,1.21,,,,,8.609,433.4140436,50.34429592,,1.44984501,,,,
AEVES2,Aegiphila verticilata,AEVE,Shade,9-Jul,312,155,3.5,2.6,160,143,2.73,NA,NA,2,1.22,,,,,6.118,592.2641201,96.80681924,,1.796990998,,,,
GOBA1,Gochnatia barrosii,GOBA,Open,7-Jul,230,115,5,"1,1,1,1,1",203,212,2.31,NA,NA,4,1.22,,,,,4.484,474.8298747,105.8942629,,3.380039536,,,,
MYTO2,Myrcia tomentosa,MYTO,Open,19-Jun,236,80,3.1,2.4,140,157,NA,NA,NA,4,1.23,,,,,NA,NA,NA,,1.726305163,,,,
SCVI4,Schefflera vinosa,SCVI,Shade,27-Jul,304,186,2.5,2.1,140,120,1.68,NA,NA,4,1.23,,,,,16.69,901.0659398,53.98837267,,1.319468915,,,,
CAAD4,Campomanesia adamantium,CAAD,Open,8-Jul,190,80,2.7,"1.7,1,1,.8,.7",210,190,1.98,NA,NA,4,1.24,,,,,3.264,247.70101,75.88878982,,3.133738672,,,,
MAAC5,Machaerium acutifolium,MAAC,Open,2-Jun,487,200,"10.2, 7.5","9.7, 7.5",370,317,NA,NA,NA,5,1.25,0.45,0.8,901.3,19.8,11.534,942.4148894,81.70755066,10.12414421,9.211935058,1.099024705,0.299024705,27.20818775,"Method A; leaf mass estimated from subsample, just smaller of two stems"
STRO4,Stryphnodendron rotundifolium,STRO,Open,31-May,245,105,7.4,"3.1, 2, 2.2, 2.7, 4.2, 2.6",240,190,NA,NA,NA,5,1.25,0.28,0.97,1100,17.7,6.905,815.619444,118.1201222,5.068821404,3.581415625,1.415312249,0.445312249,31.46388717,Method A; previous wet ss mass 27.3? crossed out on bag
AMINS4,Amaouia intermedia,AMIN,Shade,3-Jul,504,291,2.9,2,166,120,1.6,1.48,1.68,2,1.26,,,,,5.277,850.8048934,161.2288977,,1.564513141,,,,
CAAD1,Campomanesia adamantium,CAAD,Open,8-Jul,211,126,2,".9,.8,.8",130,120,1.75,NA,NA,4,1.26,,,,,2.452,153.5429187,62.61946114,,1.225221135,,,,
RAUM8,Rapanea umbellata,RAUM,Open,14-Jul,396,65,4.7,4,267,208,3.01,2.94,4.37,3,1.27,,,,,NA,NA,NA,,4.36178724,,,,
SIGUS3,Siparuna guianensis,SIGU,Shade,3-Jul,608,437,5.2,5.4,308,230,1.97,2.03,2.02,2,1.27,,,,,3.763,458.3132769,121.7946524,,5.56376059,,,,
STRO7,Stryphnodendron rotundifolium,STRO,Open,20-Jun,342,110,10.9,10.2,292,235,NA,NA,NA,5,1.27,,,,,NA,NA,NA,,5.389402197,,,,
TACA1,Tabernaemontana catherinensis,TACA,Open,20-Jun,239,110,"3,4.1,2.2","2.9,1,2.9",175,153,NA,NA,NA,4,1.27,NA,NA,NA,NA,2.979,273.671424,91.86687613,NA,2.102903582,,,,
AMINS8,Amaouia intermedia,AMIN,Shade,13-Jul,631,150,5.2,4.8,257,248,NA,NA,NA,1,1.28,,,,,7.847,874.402839,111.431482,,5.005813734,,,,
COLAS7,Copaifera langsdorfii,COLA,Shade,23-Jul,504,195,4.2,3.8,178,130,NA,NA,NA,1,1.28,,,,,4.215,570.9418689,135.4547732,,1.81741135,,,,
OCMIS1,Ocotea minarum,OCMI,Shade,26-May,380,222,3.3,2.6,175,130,NA,NA,NA,2,1.28,0.21,1.07,424.5,11.2,4.521,545.2672249,120.6076587,2.066660151,1.786780822,1.15663887,0.08663887,7.490572268,No set Accupar method
OUSP1,Ouratea spectabilis,OUSP,Open,26-Jul,222,140,7,5.5,171,116,11.7,13.84,13.91,5,1.28,,,,,13.695,642.2213679,46.89458692,,1.557915797,,,,
MAACS8,Machaerium acutifolium,MAAC,Shade,17-Jun,385,130,6.4,4.6,227,180,9.67,10.17,10.77,3,1.29,,,,,9.56,977.0346051,102.2002725,,3.209136896,,,,
STCA1,Styrax camporum,STCA,Open,4-Jul,422,177,5.5,5.5,269,217,2.93,2.78,2.91,3,1.29,,,,,9.231,792.7830022,85.88267818,,4.584604699,,,,
STCA4,Styrax camporum,STCA,Open,14-Jul,355,30,5.5,3.8,294,160,3.65,2.95,3.5,4,1.29,,,,,6.701,475.1271501,70.90391734,,3.694512961,,,,
OCMIS2,Ocotea minarum,OCMI,Shade,12-Jun,192,60,2.1,1.2,120,110,NA,NA,NA,1,1.3,,,,,NA,NA,NA,,1.036725576,,,,
SIGU3,Siparuna guianensis,SIGU,Open,11-Jul,492,215,5,4.3,267,184,1.94,1.62,1.83,3,1.3,,,,,5.953,732.4388219,123.0369262,,3.858504097,,,,
AMIN4,Amaouia intermedia,AMIN,Open,11-Jul,401,253,4.2,3.5,265,240,2.43,2.78,2.08,3,1.31,,,,,10.379,755.0730418,72.75007629,,4.995132319,,,,
STCAS4,Styrax camporum,STCA,Shade,4-Jul,400,155,4,3.1,229,141,2.72,2.39,2.58,2,1.31,,,,,10.156,934.6708188,92.03139216,,2.53597213,,,,
CASY3,Casearia sylvestris,CASY,Open,26-Jul,217,135,5.5,2,152,107,NA,NA,NA,4,1.32,,,,,3.214,227.1992589,70.69049747,,1.277371573,,,,
CUVES3,Cupania vernalis,CUVE,Shade,20-Jul,572,343,5.9,5,265,330,NA,NA,NA,1,1.32,,,,,13.393,1070.820081,79.95371318,,6.868306939,,,,
DIMO3,Dimorphandra mollis,DIMO,Open,26-Jul,370,110,10.8,"8.5,5.9",245,211,17.67,NA,NA,5,1.32,,,,,12.878,1082.400631,84.05036736,,4.060115806,,,,
MABR3,Machaerium brasiliense,MABR,Open,6-Jul,741,224,14.5,10.7,280,250,4.73,7.11,4.62,5,1.32,,,,,5.284,443.3346689,83.90133779,,5.497787144,,,,
MAELS1,Matayba eleagnoides,MAEL,Shade,20-Jun,250,145,2.5,1.7,80,65,NA,NA,NA,2,1.32,,,,,NA,NA,NA,,0.408407045,,,,
MIALS4,Miconia albicans,MIAL,Shade,12-Jul,281,95,2.3,"1.7,1.2",230,150,1.68,1.53,1.29,2,1.32,,,,,8.435,727.5620574,86.25513425,,2.709623664,,,,
OUSP4,Ouratea spectabilis,OUSP,Open,26-Jul,310,220,7,5.6,130,100,16.61,18.58,18.01,5,1.33,,,,,9.413,478.0461407,50.78573682,,1.021017612,,,,
PRHES2,Protium heptaphyllum,PRHE,Shade,6-Jul,789,397,6.5,5.8,261,150,2.75,2.7,2.12,1,1.33,,,,,14.042,1406.434606,100.1591373,,3.07483381,,,,
SCVIS5,Schefflera vinosa,SCVI,Open,28-Jul,364,0,"5.1,4.9","3.2,3.1,3.5",394,162,2.02,NA,NA,2,1.33,,,,,19.532,1413.695811,72.37844617,,5.013039397,,,,
TEGLS2,Terminalis glabrescens,TEGL,Shade,26-Jul,312,130,2.4,2.1,200,160,NA,NA,NA,1,1.33,,,,,9.971,1214.98266,121.8516357,,2.513274123,,,,
TEGLS5,Terminalis glabrescens,TEGL,Shade,26-Jul,620,298,4.8,4.3,221,225,3.86,3.41,3.46,2,1.33,,,,,6.52,791.0407118,121.3252625,,3.905392367,,,,
PLPOS5,Plenckia populnea,PLPO,Shade,19-Jun,208,45,5.4,2.8,165,145,NA,NA,NA,2,1.34,,,,,6.35,518.1788203,81.60296382,,1.879065106,,,,
MILIS1,Miconia ligustroides,MILI,Shade,30-Jun,331,70,6.2,2.8,236,170,4.19,3.97,3.93,1,1.35,,,,,3.254,404.5915206,124.3366689,,3.151017432,,,,
SIGU5,Siparuna guianensis,SIGU,Open,11-Jul,470,245,5.2,3.8,293,220,2.32,1.91,2.65,4,1.35,,,,,5.997,687.5111698,114.6425162,,5.062676561,,,,
STROS10,Stryphnodendron rotundifolium,STRO,Shade,19-Jun,344,80,5.8,4.2,211,180,7.7,7.92,7.18,3,1.35,,,,,NA,NA,NA,,2.982942225,,,,
GOPO3,Moquiniastrum polymorpha,GOPO,Open,29-May,230,120,10.5,"2.4, 2.0",315,293,NA,NA,NA,5,1.36,0.41,0.95,729.3,18.2,10.864,655.9826307,60.38131726,2.628616113,7.248832349,0.362626143,-0.587373857,-161.9778026,Standard method (A)
PEOB9,Pera obovata,PEOB,Open,4-Jul,266,50,2.7,1.8,266,50,1.93,2.08,2.25,4,1.36,,,,,9.386,865.3005633,92.1905565,,1.044579557,,,,
SCVI2,Schefflera vinosa,SCVI,Shade,27-Jul,281,127,4.1,3.4,227,150,2.69,NA,NA,4,1.36,,,,,11.404,540.3799228,47.38512126,,2.674280746,,,,
ANCR2,Annona crassiflora,ANCR,Open,20-Jun,542,240,15,12.5,254,213,NA,NA,NA,5,1.37,,,,,7.745,498.3609388,64.34615091,,4.249161144,,,,
MILIS4,Miconia ligustroides,MILI,Shade,25-Jun,577,110,9,7.3,352,264,5.39,5.4,5.21,3,1.37,,,,,7.381,727.8731679,98.61443814,,7.298548053,,,,
PRHE3,Protium heptaphyllum,PRHE,Open,18-Jul,470,223,4.9,4,174,145,2.93,2.96,3.4,4,1.37,,,,,22.31,2072.000444,92.87317095,,1.981559566,,,,
LEELS4,Leptolobium elegans,LEEL,Shade,16-Jun,392,219,10.2,8.2,289,289,NA,NA,NA,3,1.38,,,,,6.942,441.3911602,63.58270819,,6.559724001,,,,
OCCO3,Ocotea corymbosa,OCCO,Open,1-Jun,217,55,2,"1, 0.8",154,116,NA,NA,NA,5,1.38,0.05,1.33,297.6,13.4,7.591,495.8853882,65.32543646,1.101309638,1.403035279,0.78494793,-0.54505207,-69.4379906,Method A
PEOBS7,Pera obovata,PEOB,Shade,22-Jun,740,340,9.3,8.2,260,230,NA,NA,NA,1,1.38,,,,,8.836,876.8048414,99.23096892,,4.696681017,,,,
STROS9,Stryphnodendron rotundifolium,STRO,Shade,19-Jun,181,40,3.1,2.2,119,101,4.93,NA,NA,2,1.4,,,,,8.591,926.7476806,107.8742499,,0.943970053,,,,
CASY5,Casearia sylvestris,CASY,Open,26-Jul,162,115,1.6,1,90,70,2.66,NA,NA,4,1.41,,,,,3.679,371.6542388,101.0204509,,0.494800843,,,,
CUVES1,Cupania vernalis,CUVE,Shade,11-Jun,515,356,3.7,3.2,152,145,0.98,NA,NA,1,1.41,,,,,,,NA,,1.731017552,,,,
OCCOS5,Ocotea corymbosa,OCCO,Shade,21-Jun,279,100,3.6,2.3,178,154,NA,NA,NA,2,1.41,,,,,2.295,169.3616684,73.79593396,,2.152933446,,,,
MABRS5,Machaerium brasiliense,MABR,Shade,9-Jul,405,120,4.9,2.3,166,144,2.54,NA,NA,3,1.42,,,,,7.168,723.9966165,101.0039923,,1.87741577,,,,
RAUM3,Rapanea umbellata,RAUM,Open,29-Jun,371,140,5.8,4.5,171,145,5.48,4.83,3.04,5,1.42,,,,,4.46,255.3521775,57.25385145,,1.947394746,,,,
STRO1,Strypnodendron rotundifolium,STRO,Open,26-May,170,60,1.5,1,85,77,NA,NA,NA,1,1.42,0.12,1.3,68.2,7.2,3,288.3686706,96.12289019,0.273149213,0.514043098,0.531374148,-0.768625852,-144.6487105,No set Accupar method
MIALS3,Miconia albicans,MIAL,Shade,12-Jul,349,70,4.5,3.4,267,160,4.07,3.76,4.46,2,1.43,,,,,9.688,763.0670043,78.76414165,,3.355220954,,,,
MILIS5,Miconia ligustroides,MILI,Shade,5-Jul,364,202,3.1,2.9,188,137,1.53,1.47,1.25,2,1.43,,,,,4.793,464.0316884,96.81445617,,2.02287151,,,,
OCCO4,Ocotea corymbosa,OCCO,Open,1-Jun,280,90,3,2.3,149,126,NA,NA,NA,5,1.43,0.33,1.1,558,15.7,9.37,671.5433164,71.66951082,2.386759048,1.474506512,1.618683287,0.518683287,32.0435314,Method A
RAUM4,Rapanea umbellata,RAUM,Open,29-Jun,315,115,4,3,138,133,3.72,3.58,3.08,4,1.43,,,,,6.807,404.1816289,59.3773511,,1.441519789,,,,Second bag labeled RAUM4 -- LM 11.132
GOPO2,Moquiniastrum polymorpha,GOPO,Open,28-May,340,120,7.7,3.4,311,260,NA,NA,NA,5,1.44,0.28,1.16,1576.8,26,15.575,931.5262373,59.80906821,5.64934835,6.350729549,0.889558956,-0.270441044,-30.40169982,No set Accupar method
GOPOS10,Moquiniastrum polymorpha,GOPO,Shade,21-Jun,430,202,"5,8.9","5.6,4",310,260,15.09,18.03,9.41,3,1.45,,,,,7.143,453.3183765,63.46330345,,6.330309197,,,,
RAUMS11,Rapanea umbellata,RAUM,Shade,23-Jul,384,140,3.2,2.8,165,125,NA,NA,NA,3,1.45,,,,,NA,NA,NA,,1.619883712,,,,
PLPOS3,Plenckia populnea,PLPO,Shade,11-Jun,386,192,5.8,4.6,175,110,9.29,12.23,12.25,2,1.46,,,,,5.902,521.5281326,88.36464462,,1.511891465,,,,
MYTOS1,Myrcia tomentosa,MYTO,Shade,19-Jun,310,50,"3.3,4,3.9","2,3,3",352,258,3.99,3.66,3.42,3,1.47,,,,,3.64,321.8572774,88.42232896,,7.132671961,,,,
RAUM5,Rapanea umbellata,RAUM,Open,5-Jul,277,120,3.7,2.5,142,141,3.1,3.51,3.31,4,1.47,,,,,NA,NA,NA,,1.572524203,,,,
ANFA2,Anadenanthera falcata,ANFA,Open,29-Jun,401,20,8,6.6,256,246,15.53,15.3,19.61,4,1.48,,,,,13.978,1202.378814,86.01937429,,4.946123474,,,,
SCVIS1,Schefflera vinosa,SCVI,Open,27-Jul,170,60,1.7,0.9,130,72,1.15,NA,NA,2,1.48,,,,,16.74,893.8916889,53.39854772,,0.735132681,,,,
AMINS7,Amaouia intermedia,AMIN,Shade,12-Jul,349,70,3,2.3,190,154,1.76,1.54,1.81,1,1.51,,,,,6.945,767.7810451,110.5516264,,2.298075026,,,,
STRO10,Stryphnodendron rotundifolium,STRO,Open,20-Jun,257,80,4.7,"2.8,2.7",178,143,NA,NA,NA,4,1.51,,,,,NA,NA,NA,,1.999152485,,,,
GOPOS3,Moquiniastrum polymorpha,GOPO,Shade,11-Jun,504,284,10.5,10.4,324,224,21.46,14.44,13.14,3,1.53,,,,,NA,NA,NA,,5.700105711,,,,
MABRS4,Machaerium brasiliense,MABR,Shade,9-Jul,220,105,2.9,1.2,140,120,2.04,NA,NA,2,1.53,,,,,7.018,733.7354501,104.5505059,,1.319468915,,,,
MYFA10,Myrcia fallax,MYFA,Open,13-Jul,440,220,13,"7.5,7.3,8.3",364,227,20.73,19.71,20.43,5,1.53,,,,,NA,NA,NA,,6.489587945,,,,
VOTUS10,Vochysia tucanorum,VOTU,Shade,5-Jul,586,210,9.2,7.2,229,212,8.59,7.03,5.94,3,1.53,,,,,NA,NA,NA,,3.812951004,,,,
MIAL2,Miconia albicans,MIAL,Open,12-Jul,259,30,4.5,"1.5,1.6,1.3",208,175,4.45,5.12,4.25,4,1.55,,,,,10.645,581.5372599,54.63008547,,2.858849315,,,,
ANCR5,Annona crassiflora,ANCR,Open,19-Jun,404,130,14.6,13.8,275,247,NA,NA,NA,5,1.56,,,,,8.641,548.0695849,63.42663868,,5.334817025,,,,
MAEL1,Matayba eleagnoides,MAEL,Open,19-Jun,219,55,2.5,1.5,90,85,2.18,NA,NA,4,1.57,,,,,7.271,523.6216051,72.01507428,,0.600829595,,,,
SCVIS3,Schefflera vinosa,SCVI,Open,27-Jul,249,90,2.9,1.2,95,100,2.17,NA,NA,2,1.57,,,,,13.692,981.7600436,71.70318753,,0.746128255,,,,
DIMO4,Dimorphandra mollis,DIMO,Open,26-Jul,365,130,8.2,5.9,275,167,NA,NA,NA,5,1.58,,,,,18.249,1341.500973,73.51093062,,3.606941065,,,,
MABR5,Machaerium brasiliense,MABR,Open,6-Jul,757,460,10,9.2,195,140,4.16,3.25,3.31,5,1.58,,,,,4.63,439.2680104,94.87430029,,2.144136986,,,,
MYTO5,Myrcia tomentosa,MYTO,Open,16-Jul,282,130,3.5,"2.2,1.9",192,122,4.84,4.15,3.27,4,1.58,,,,,5.757,408.7712972,71.00422045,,1.839716658,,,,
ANFA5,Anadenanthera falcata,ANFA,Open,29-Jun,556,235,11.2,10,322,235,23.3,21.19,23.98,4,1.59,,,,,,,#DIV/0!,,5.943107902,,,,
MAEL5,Matayba eleagnoides,MAEL,Open,14-Jul,296,90,3.5,2.1,180,140,3.06,2.35,2.69,5,1.59,,,,,12.62,1031.640804,81.74649795,,1.979203372,,,,
OCMIS5,Ocotea minarum,OCMI,Shade,17-Jul,361,215,2.1,2,164,150,1.61,NA,NA,1,1.59,,,,,7.066,915.8269855,129.6103857,,1.932079482,,,,
STRO9,Stryphnodendron rotundifolium,STRO,Open,20-Jun,359,130,10,8.1,315,286,NA,NA,NA,4,1.59,,,,,NA,NA,NA,,7.075652054,,,,
MYTO4,Myrcia tomentosa,MYTO,Open,5-Jul,421,105,8.4,"5.5,4.4",313,301,7.43,7.31,7.5,4,1.6,,,,,11.111,981.8535202,88.36770049,,7.399471717,,,,
OCPU2,Ocotea pulchella,OCPU,Open,19-Jul,240,80,3.2,1.8,155,128,1.73,NA,NA,4,1.6,,,,,2.053,135.1514143,65.83118085,,1.558229956,,,,
PEOBS10,Pera obovata,PEOB,Shade,18-Jun,737,470,10,8.4,260,220,NA,NA,NA,1,1.6,,,,,5.659,565.9003736,100.000066,,4.492477495,,,,
MILI1,Miconia ligustroides,MILI,Open,18-Jun,673,100,27,"9.9,16",570,400,NA,NA,NA,5,1.61,,,,,NA,NA,NA,,17.90707813,,,,
PEOBS9,Pera obovata,PEOB,Shade,18-Jun,657,384,6.2,5.9,215,158,NA,NA,NA,2,1.62,,,,,6.582,670.4735694,101.8647173,,2.667997561,,,,
CAAD3,Campomanesia adamantium,CAAD,Open,8-Jul,181,90,2.1,".7,.7,.6,.6",138,95,1.88,NA,NA,4,1.63,,,,,5.238,421.1123477,80.39563722,,1.029656992,,,,CAAD2 and 3 both labeled CAAD3
MYFA3,Myrcia fallax,MYFA,Open,20-Jun,257,60,4,2.6,170,160,1.64,NA,NA,4,1.64,,,,,NA,NA,NA,,2.136283004,,,,
ANFA7,Anadenanthera falcata,ANFA,Open,29-Jun,544,175,16.4,14.7,687,500,36.55,38.87,41.29,5,1.65,,,,,5.439,443.2536655,81.49543399,,26.97842691,,,,
PEOBS8,Pera obovata,PEOB,Shade,18-Jun,454,208,5.5,4.5,290,210,NA,NA,NA,2,1.65,,,,,NA,NA,NA,,4.783074815,,,,
ANFA8,Anadenanthera falcata,ANFA,Open,29-Jun,402,90,7.5,6.2,220,213,12.06,16.02,15.98,4,1.66,,,,,,,#DIV/0!,,3.680375794,,,,
DIMO1,Dimorphandra mollis,DIMO,Open,26-Jul,451,150,11,8.6,377,284,NA,NA,NA,5,1.66,,,,,10.01,755.3402097,75.45856241,,8.409101056,,,,
VOTUS3,Vochysia tucanorum,VOTU,Shade,18-Jun,330,90,9.4,8,299,291,NA,NA,NA,3,1.66,,,,,7.545,645.6453037,85.57260486,,6.83367088,,,,
STCA5,Styrax camporum,STCA,Open,14-Jul,347,90,8,5.5,302,282,4.65,4.14,3.69,4,1.67,,,,,12.426,945.5588974,76.09519535,,6.688764919,,,,
DIMO2,Dimorphandra mollis,DIMO,Open,26-Jul,356,150,6.2,5.4,142,190,9.32,NA,NA,5,1.68,,,,,21.182,1488.65903,70.27943678,,2.119004245,,,,
PEOBS6,Pera obovata,PEOB,Shade,11-Jun,381,120,5.2,4.4,236,80,2.26,2.36,2.45,1,1.68,,,,,NA,NA,NA,,1.482831732,,,,
SCVI5,Schefflera vinosa,SCVI,Shade,27-Jul,206,211,2.8,2.3,135,170,1.89,NA,NA,5,1.68,,,,,7.89,513.3309447,65.06095623,,1.802488785,,,,
COLAS5,Copaifera langsdorfii,COLA,Shade,11-Jul,541,208,8.1,5.9,324,272,6.46,6.76,4.24,2,1.69,,,,,8.572,773.4774495,90.23302024,,6.921556934,,,,
DIMO5,Dimorphandra mollis,DIMO,Open,26-Jul,240,90,4.8,3.2,127,93,11.32,NA,NA,5,1.69,,,,,27.08,1945.441485,71.84052753,,0.927633771,,,,
ERGR5,Eriotheca gracilipes,ERGR,Open,27-Jul,277,120,8.8,7,154,166,15.88,17.01,14.1,5,1.69,,,,,14.017,862.8829337,61.55974415,,2.007791865,,,,
MAAC6,Machaerium acutifolium,MAAC,Open,18-Jun,740,460,20.9,21.2,650,500,NA,NA,NA,5,1.69,,,,,NA,NA,NA,,25.52544031,,,,30% canopy lost
MIALS1,Miconia albicans,MIAL,Shade,12-Jul,247,80,4.3,"2.3,1.3,1.1",290,240,3.93,3.38,3.45,1,1.69,,,,,10.356,778.80217,75.20299054,,5.466371217,,,,
TAGU4,Tapirira guianensis,TAGU,Open,3-Jul,429,50,4.6,4,157,96,2.46,2.05,2.22,5,1.69,,,,,23.193,1433.900358,61.82470392,,1.183752112,,,,
ANFA1,Anadenanthera falcata,ANFA,Open,20-Jul,1600,650,33.5,32.1,600,550,50.5,52.33,70.18,4,1.7,,,,,,,#DIV/0!,,25.91813939,,,,
ERGR4,Eriotheca gracilipes,ERGR,Open,27-Jul,364,90,11.7,8.8,210,175,14.39,18.66,20.48,5,1.7,,,,,7.737,562.9509171,72.76087852,,2.88633825,,,,
TACAS7,Tabernaemontana catherinensis,TACA,Shade,18-Jun,585,212,11.5,10,232,230,NA,NA,NA,2,1.7,NA,NA,NA,NA,,,#DIV/0!,NA,4.1908846,,,,
ANFA4,Anadenanthera falcata,ANFA,Open,29-Jun,445,80,9.7,8,216,186,18.06,21.55,22.7,4,1.72,,,,,4.832,322.3116134,66.70356238,,3.155415661,,,,
PRHES3,Protium heptaphyllum,PRHE,Shade,14-Jul,299,75,2.5,2.3,191,126,NA,NA,NA,1,1.72,,,,,16.729,1977.943929,118.234439,,1.89013922,,,,
VOTUS7,Vochysia tucanorum,VOTU,Shade,5-Jul,495,236,7.4,5.8,282,222,6.09,6.77,6.11,3,1.72,,,,,NA,NA,NA,,4.916906662,,,,
TACA2,Tabernaemontana catherinensis,TACA,Open,20-Jun,358,80,"4.9,3.2,6,3.2","5.4,3.9,2.4,2.6",232,231,NA,NA,NA,4,1.73,NA,NA,NA,NA,3.463,391.3402926,113.0061486,NA,4.209105837,,,,
AMIN2,Amaouia intermedia,AMIN,Open,11-Jul,485,197,4.5,"2.9,3.3",235,167,2.93,2.31,2.46,3,1.75,,,,,7.225,592.2641201,81.97427268,,3.082295092,,,,
RAUMS7,Rapanea umbellata,RAUM,Shade,25-Jun,367,165,3.9,3.1,250,220,2.9,2.82,2.71,1,1.75,,,,,11.084,916.7667686,82.71082358,,4.319689899,,,,
MAAC10,Machaerium acutifolium,MAAC,Open,17-Jun,398,170,7.9,"5.8,2.8",272,230,NA,NA,NA,4,1.76,,,,,NA,NA,NA,,4.91345091,,,,
CASYS6,Casearia sylvestris,CASY,Shade,22-Jun,400,290,8.2,5.9,345,130,NA,NA,NA,1,1.77,,,,,,,NA,,3.522510763,,,,
MIAL3,Miconia albicans,MIAL,Open,12-Jul,337,10,6.1,"3.1,3.1,2.9",208,205,6.36,6.68,6.79,5,1.77,,,,,13.233,723.9147529,54.70526357,,3.348937769,,,,
MIAL5,Miconia albicans,MIAL,Open,13-Jul,170,10,"1.8,1.4",".7,.5,.5,.5",110,75,2.13,1.82,2.32,4,1.77,,,,,9.691,597.3628913,61.6409959,,0.647953485,,,,
SYPUS2,Symplocos pubescens,SYPU,Shade,17-Jul,331,60,2.9,1.9,220,150,2.7,NA,NA,2,1.77,,,,,7.208,537.2554846,74.53599953,,2.591813939,,,,
TACAS1,Tabernaemontana catherinensis,TACA,Shade,11-Jun,315,170,7.2,5.8,233,179,4.24,3.48,3.43,1,1.77,NA,NA,NA,NA,,,NA,NA,3.27566012,,,,
OUSP3,Ouratea spectabilis,OUSP,Open,26-Jul,414,180,7.8,6.5,110,105,17.65,16.2,18.56,5,1.78,,,,,13.351,661.0192514,49.51084199,,0.907134879,,,,
SIGU2,Siparuna guianensis,SIGU,Open,11-Jul,567,266,7.2,4.8,270,179,2.88,4,3.38,4,1.78,,,,,5.046,534.9286792,106.0104398,,3.795829324,,,,
STCA2,Styrax camporum,STCA,Open,5-Jul,300,80,4.8,3,160,140,2.55,2.42,2.26,4,1.78,,,,,9.155,784.4955636,85.69039472,,1.759291886,,,,
CUVES4,Cupania vernalis,CUVE,Shade,20-Jul,694,311,6.4,5.8,140,130,NA,NA,NA,1,1.79,,,,,16.1,1401.243936,87.03378484,,1.429424657,,,,
MABR2,Machaerium brasiliense,MABR,Open,6-Jul,1300,570,32.2,27.8,974,791,8.46,8.8,9.88,5,1.79,,,,,3.521,336.356675,95.52873472,,60.50974486,,,,
MYFAS9,Myrcia fallax,MYFA,Shade,17-Jun,435,150,8,7.5,297,266,,,,3,1.8,,,,,4.893,418.5671199,85.544067,,6.20480257,,,,
OCPU4,Ocotea pulchella,OCPU,Open,23-Jul,317,70,"4, 3.5","2.5,2.4",285,203,NA,NA,NA,4,1.8,,,,,2.956,205.5023847,69.52042784,,4.543921074,,,,
TAGU2,Tapirira guianensis,TAGU,Open,3-Jul,308,40,3.8,2.4,134,114,2.02,1.92,1.84,4,1.8,,,,,17.775,1123.568219,63.21058896,,1.199774234,,,,
OUSP5,Ouratea spectabilis,OUSP,Open,26-Jul,255,60,7.5,6,128,110,17.26,19.91,17.53,5,1.81,,,,,10.99,572.5841595,52.10046947,,1.105840614,,,,
VOTU5,Vochysia tucanorum,VOTU,Open,,215,30,"3.1, 3.1, 1.8","1.2, 1.2, 1.0",183,170,NA,NA,NA,5,1.81,0.3,1.51,948.9,22,7.541,607.6310428,80.57698486,2.620823166,2.443373686,1.072624781,-0.437375219,-40.77616202,Standard method (A)
RAUM1,Rapanea umbellata,RAUM,Open,30-Jun,472,130,6.8,5.4,238,189,7.49,5.73,4.94,4,1.84,,,,,11.129,674.037505,60.56586441,,3.532878019,,,,Two plants labeled RAUM1 but it seems alright
TAGU3,Tapirira guianensis,TAGU,Open,3-Jul,218,50,2.4,1.3,83,72,NA,NA,NA,5,1.84,,,,,15.99,1384.199956,86.56660135,,0.469353942,,,,
TAGU1,Tapirira guianensis,TAGU,Open,29-Jun,515,178,"11.5,6.2,8.8","9.6,6.6,4.8",467,415,3.85,4.58,4.32,4,1.85,,,,,5.528,455.6491245,82.42567376,,15.22140911,,,,
RAUMS6,Rapanea umbellata,RAUM,Shade,30-Jun,415,130,5.6,4.4,266,265,5.05,4.61,4.42,3,1.86,,,,,8.49,576.0344035,67.8485752,,5.536271654,,,,
ANCR4,Annona crassiflora,ANCR,Open,19-Jun,539,130,17.2,16.2,328,333,NA,NA,NA,5,1.87,,,,,6.803,457.1187273,67.19369798,,8.5784329,,,,
GOPOS6,Moquiniastrum polymorpha,GOPO,Shade,21-Jun,1000,660,19,21.5,500,285,14.4,17.06,21.79,3,1.87,,,,,NA,NA,NA,,11.19192383,,,,
GOPO14,Moquiniastrum polymorpha,GOPO,Open,31-May,476,55,16,12.3,628,388,NA,NA,NA,5,1.88,0.72,1.16,8922.8,25.6,14.23,883.6891287,62.10043069,30.80070843,19.13732581,1.609457284,0.449457284,27.92601511,Standard method (A)
RAUM7,Rapanea umbellata,RAUM,Open,14-Jul,377,105,3.4,3,185,160,2.36,1.3,1.57,4,1.89,,,,,NA,NA,NA,,2.324778564,,,,
MAEL2,Matayba eleagnoides,MAEL,Open,5-Jul,713,210,"13.4,12","11.9,11.2",424,404,6.65,5.88,5.99,5,1.9,,,,,6.6,529.0975798,80.16629997,,13.45355638,,,,
CAAD2,Campomanesia adamantium,CAAD,Open,8-Jul,232,110,2.9,1.9,133,130,3.06,NA,NA,4,1.91,,,,,7.935,450.8283457,56.81516643,,1.357953425,,,,
TACAS5,Tabernaemontana catherinensis,TACA,Shade,18-Jun,319,160,5.6,5.5,190,165,NA,NA,NA,1,1.91,NA,NA,NA,NA,3.418,525.6342892,153.7841689,NA,2.462223242,,,,
OCPU3,Ocotea pulchella,OCPU,Open,23-Jul,516,130,15.1,"7.7,7.9",316,327,NA,NA,NA,4,1.92,,,,,6.232,389.3990061,62.48379431,,8.115676302,,,,
GOPOS9,Moquiniastrum polymorpha,GOPO,Shade,21-Jun,260,200,7.2,6,385,80,NA,NA,NA,3,1.94,,,,,8.452,540.93985,64.00140204,,2.419026343,,,,
STCAS3,Styrax camporum,STCA,Shade,30-Jun,312,125,6.1,5,188,188,6.91,7.77,7.36,3,1.94,,,,,7.077,524.1370162,74.06203423,,2.775911269,,,,
TEGLS1,Terminalia glabrescens,TEGL,Shade,3-Jul,729,205,19.8,15.5,750,741,8.03,7.75,11.02,2,1.94,,,,,4.351,460.0160692,105.7265156,,43.64850293,,,,
CASYS4,Casearia sylvestris,CASY,Shade,22-Jun,706,290,9.7,9,490,275,NA,NA,NA,1,1.95,,,,,4.861,503.1806424,103.5138125,,10.58324025,,,,
RAUM9,Rapanea umbellata,RAUM,Open,14-Jul,461,145,5.3,4.4,185,195,2.86,1.79,2.26,3,1.95,,,,,NA,NA,NA,,2.833323874,,,,
MIAL4,Miconia albicans,MIAL,Open,13-Jul,272,30,"6.5,5.5,5","4,3,2.1,2.3,2.5",285,240,4.1,7.55,6.6,4,1.96,,,,,15.08,629.4796729,41.74268388,,5.372123438,,,,
MILI2,Miconia ligustroides,MILI,Open,30-Jun,541,165,9.5,8,345,235,6.7,6.53,7.56,4,1.96,,,,,3.757,337.4158126,89.80990488,,6.36761561,,,,
MIALS2,Miconia albicans,MIAL,Shade,12-Jul,374,185,6.5,6.1,325,161,5.64,8.5,5.44,2,1.97,,,,,10.044,700.469065,69.74005028,,4.10959589,,,,
PEOBS4,Pera obovata,PEOB,Shade,11-Jun,422,265,7.3,6.4,122,136,3.3,3.5,3.13,1,1.97,,,,,NA,NA,NA,,1.303132633,,,,
VOTUS4,Vochysia tucanorum,VOTU,Shade,20-Jun,432,10,7,5.1,200,200,NA,NA,NA,2,1.97,,,,,NA,NA,NA,,3.141592654,,,,
STRO2,Strypnodendron rotundifolium,STRO,Open,28-May,290,80,6.2,4.9,230,190,NA,NA,NA,5,1.98,0.31,1.67,947,12.6,7.312,232.4078506,31.78444346,1.746747893,3.432189974,0.508931005,-1.161068995,-228.1387818,No set Accupar method
PLPOS1,Plenckia populnea,PLPO,Shade,11-Jun,330,160,5.8,4.6,108,100,9.5,10.58,12.37,2,1.99,,,,,5.654,625.3507923,110.603253,,0.848230016,,,,
MABRS2,Machaerium brasiliense,MABR,Shade,17-Jun,254,139,3.9,2.9,130,130,NA,NA,NA,1,2,,,,,11.156,1016.82449,91.14597433,,1.327322896,,,,
CASYS3,Casearia sylvestris,CASY,Shade,11-Jun,600,237,15.2,"9,3,6,6.8",500,434,4.51,5.55,5.02,2,2.01,,,,,,,NA,,17.04314015,,,,
ANFA6,Anadenanthera falcata,ANFA,Open,29-Jun,475,215,9.5,8.9,250,245,14.92,19.65,14.06,4,2.02,,,,,,,#DIV/0!,,4.810563751,,,,
CASYS5,Casearia sylvestris,CASY,Shade,22-Jun,674,231,11,10.4,320,235,NA,NA,NA,1,2.02,,,,,,,NA,,5.906194189,,,,
OCCOS6,Ocotea corymbosa,OCCO,Shade,20-Jun,400,40,6.1,4.3,238,220,NA,NA,NA,2,2.02,,,,,4.316,365.5749678,84.70226315,,4.112344784,,,,
OCCOS7,Ocotea corymbosa,OCCO,Shade,20-Jun,273,50,3,2,277,267,NA,NA,NA,2,2.02,,,,,NA,NA,NA,,5.808726277,,,,
ERGR3,Eriotheca gracilipes,ERGR,Open,27-Jul,382,70,12,11,209,198,20.19,22.57,19.28,5,2.03,,,,,12.531,771.164981,61.54057784,,3.25013468,,,,
MILI4,Miconia ligustroides,MILI,Open,30-Jun,405,155,8.2,"6.5,4.5",305,225,6.02,6.87,5.83,4,2.03,,,,,6.242,508.7957566,81.51165598,,5.389794896,,,,
TACA3,Tabernaemontana catherinensis,TACA,Open,20-Jun,323,50,7.7,6.2,260,205,NA,NA,NA,4,2.04,NA,NA,NA,NA,3.388,390.5177136,115.2649686,NA,4.186172211,,,,
GOPOS7,Moquiniastrum polymorpha,GOPO,Shade,21-Jun,850,305,19.6,19.5,406,182,16.17,17.49,19.44,3,2.06,,,,,NA,NA,NA,,5.803464109,,,,
PLPO4,Plenckia populnea,PLPO,Open,19-Jun,390,181,9.2,7.8,192,176,NA,NA,NA,5,2.06,,,,,7.462,550.4570353,73.76802939,,2.654017474,,,,
VOTU1,Vochysia tucanorum,VOTU,Open,28-May,360,143,6.4,2.5,200,200,NA,NA,NA,3,2.06,0.1,1.96,789.6,20.8,6.944,743.0519906,107.0063351,2.820739672,3.141592654,0.897869324,-1.062130676,-118.2945722,No set Accupar method
VOTU3,Vochysia tucanorum,VOTU,Open,,290,50,8.1,"3.2, 1.0, 1.6, 1.0",194,145,NA,NA,NA,5,2.1,0.27,1.83,1653.1,20.8,7.075,569.7836633,80.5347934,4.528410451,2.209325034,2.049680505,0.219680505,10.71779258,Standard method (A)
OUSP2,Ouratea spectabilis,OUSP,Open,26-Jul,313,85,9.4,7.5,192,169,14.13,15.85,19.19,5,2.12,,,,,16.586,896.428243,54.04728343,,2.548459961,,,,
ANFA9,Anadenanthera falcata,ANFA,Open,29-Jun,283,109,5.8,5.2,173,140,12.33,12.25,12.77,4,2.14,,,,,4.849,333.2193336,68.71918613,,1.902234352,,,,
MAEL3,Matayba eleagnoides,MAEL,Open,7-Jul,335,125,8.5,6.5,195,190,5.05,5.25,4.19,5,2.14,,,,,7.245,608.4893207,83.98748387,,2.909900195,,,,
OCCO10,Ocotea corymbosa,OCCO,Open,19-Jun,387,50,5.8,4.8,240,153,NA,NA,NA,5,2.15,,,,,NA,NA,NA,,2.883982056,,,,
OCCO1,Ocotea corymbosa,OCCO,Open,31-May,330,60,4.1,2.5,163,145,NA,NA,NA,5,2.16,0.36,1.8,1097,15.1,8.761,608.4794999,69.45320168,4.420543122,1.856288559,2.381387904,0.581387904,24.41382621,Method A
AMIN1,Amaouia intermedia,AMIN,Open,25-Jun,517,90,8.8,"3.7,6.8,2.9",365,331,4.05,3.21,4.46,3,2.17,,,,,7.88,923.3180817,117.1723454,,9.488787911,,,,
ANFA3,Anadenanthera falcata,ANFA,Open,29-Jun,415,130,11.6,9.6,357,354,22.44,23.54,23.18,4,2.17,,,,,6.909,510.8366127,73.93785103,,9.925704909,,,,
COLAS6,Copaifera langsdorfii,COLA,Shade,11-Jul,726,0,15.9,13.7,659,442,9.55,11.33,12.3,2,2.21,,,,,5.835,786.2711156,134.7508339,,22.87692062,,,,
MAELS3,Matayba eleagnoides,MAEL,Shade,3-Jul,750,335,10.7,9.4,250,250,3.8,3.55,3.6,2,2.21,,,,,5.54,568.8545612,102.6813287,,4.908738521,,,,
MILI5,Miconia ligustroides,MILI,Open,6-Jul,412,105,6.1,4.3,230,220,3.16,3.26,2.92,4,2.21,,,,,4.419,394.6422932,89.30579162,,3.974114707,,,,
OCPU5,Ocotea pulchella,OCPU,Open,23-Jul,382,115,9,6.9,329,308,NA,NA,NA,4,2.21,,,,,2.639,187.1708801,70.92492616,,7.958596669,,,,
OCCOS4,Ocotea corymbosa,OCCO,Shade,21-Jun,538,273,7.4,7,260,180,NA,NA,NA,1,2.22,,,,,NA,NA,NA,,3.675663405,,,,
MABR4,Machaerium brasiliense,MABR,Open,6-Jul,850,296,14,12.5,305,272,5.48,6.44,4.86,5,2.25,,,,,3.065,298.3174679,97.3303321,,6.515663164,,,,
COLA1,Copaifera langsdorfii,COLA,Open,3-Jul,722,270,13.5,9.9,421,190,18.68,11.88,10.38,4,2.27,,,,,8.041,806.1521511,100.2552109,,6.282399909,,,,
VOTU6,Vochysia tucanorum,VOTU,Open,12-Jun,1400,626,47.4,41.1,1304,1134,21.92,25.17,25.33,5,2.27,,,,,NA,NA,NA,,116.1396539,,,,
COLA3,Copaifera langsdorfii,COLA,Open,3-Jul,900,400,15.7,12.8,498,475,16.07,12.83,10.55,4,2.28,,,,,4.285,323.3762708,75.46704103,,18.57859356,,,,
COLA4,Copaifera langsdorfii,COLA,Open,3-Jul,389,130,8,4.8,178,167,9.59,8.07,10.55,3,2.28,,,,,7.514,751.3531926,99.99377065,,2.334674581,,,,
GOPO15,Moquiniastrum polymorpha,GOPO,Open,19-Jun,630,50,37.5,"16.4,14.5,11.6,17,11.5",830,710,NA,NA,NA,5,2.32,,,,,NA,NA,NA,,46.28351377,,,,
SIGUS5,Siparuna guianensis,SIGU,Shade,3-Jul,730,388,6,5.1,306,163,2.53,2.55,3.24,2,2.34,,,,,6.789,1033.405603,152.2176467,,3.917408959,,,,
MABR1,Machaerium brasiliense,MABR,Open,6-Jul,686,170,9.4,8,277,155,4.4,4.41,2.76,4,2.35,,,,,7.542,634.8825295,84.17959819,,3.372107015,,,,
MYFA1,Myrcia fallax,MYFA,Open,31-May,275,40,3.9,2.6,145,127,NA,NA,NA,5,2.37,1.07,1.3,606.7,18.9,9.574,768.1705784,80.2350719,2.4658682,1.446310718,1.704936685,0.404936685,23.75083417,Method A
VOTU2,Vochysia tucanorum,VOTU,Open,,330,30,10.1,"3.9, 2.5, 4.7, 2.6",302,263,NA,NA,NA,5,2.38,0.24,2.14,3188.6,23.4,8.014,620.0312331,77.36850924,8.448852947,6.238103453,1.354394491,-0.785605509,-58.00418674,Standard method (A)
COLAS4,Copaifera langsdorfii,COLA,Shade,11-Jul,609,211,6.8,5.2,212,224,8,6.13,4.8,2,2.39,,,,,6.922,687.5148974,99.32315767,,3.729698798,,,,
TACA4,Tabernaemontana catherinensis,TACA,Open,20-Jun,344,30,11.5,5.8,396,375,NA,NA,NA,4,2.39,NA,NA,NA,NA,3.468,399.0062988,115.0537194,NA,11.66316273,,,,
VOTUS5,Vochysia tucanorum,VOTU,Shade,25-Jun,434,200,8.7,7.7,322,245,5.96,5.84,5.64,2,2.39,,,,,5.75,571.6068855,99.40989312,,6.196006111,,,,
MAAC9,Machaerium acutifolium,MAAC,Open,25-Jun,383,120,10.2,9.5,305,299,NA,NA,NA,4,2.43,,,,,NA,NA,NA,,7.162438551,,,,
RAUMS4,Rapanea umbellata,RAUM,Shade,30-Jun,351,135,3.1,3,160,140,2.31,2.16,2.32,2,2.43,,,,,8.014,567.6443127,70.83158382,,1.759291886,,,,Second bag labeled RAUMS4 - LM 6.623
CASYS8,Casearia sylvestris,CASY,Shade,18-Jun,655,15,"8,10.5,6.2","7.4,10.8,5",540,445,NA,NA,NA,1,2.44,,,,,,,NA,,18.87311787,,,,
VOTU10,Vochysia tucanorum,VOTU,Open,30-Jun,453,115,7.2,6,230,180,6.53,7.24,6.27,4,2.44,,,,,NA,NA,NA,,3.251548396,,,,
COLAS3,Copaifera langsdorfii,COLA,Shade,25-Jun,431,120,6.3,6,310,265,2.35,1.9,2.66,1,2.46,,,,,5.033,582.7304474,115.7819288,,6.452045912,,,,
VOTU8,Vochysia tucanorum,VOTU,Open,20-Jun,950,185,60.5,"31.5,34.5",850,800,NA,NA,NA,5,2.47,,,,,NA,NA,NA,,53.40707511,,,,
ERGR1,Eriotheca gracilipes,ERGR,Open,27-Jul,392,80,13.5,10.5,255,250,17.84,20.5,17.89,5,2.49,,,,,16.918,1034.34682,61.13883557,,5.006913292,,,,
PIAX1,Piptocarpha axillaris,PIAX,Open,10-Jul,860,231,15.9,14,633,460,11.9,12.79,10.3,5,2.49,,,,,6.342,585.0544571,92.25078163,,22.86922372,,,,
OCPU1,Ocotea pulchella,OCPU,Open,19-Jul,323,130,6.1,4,280,285,2,2.96,1.81,4,2.51,,,,,5.939,401.3450754,67.57788777,,6.267477344,,,,
MILI3,Miconia ligustroides,MILI,Open,30-Jun,388,140,"10.2,10,8,7.6","8.6,7.7,9.5,10,6.2",330,250,7.44,8.15,7.68,4,2.52,,,,,4.923,531.9465347,108.0533282,,6.479534848,,,,
MYTO3,Myrcia tomentosa,MYTO,Open,5-Jul,374,100,8.5,"5,4.9,4.3,5",347,248,NA,NA,NA,4,2.57,,,,,6.656,404.9950323,60.84660942,,6.758822435,,,,
OCCO6,Ocotea corymbosa,OCCO,Open,16-Jun,621,10,18,17.5,650,630,NA,NA,NA,4,2.58,,,,,NA,NA,NA,,32.16205479,,,,
OCCO11,Ocotea corymbosa,OCCO,Open,6-Jul,488,178,10.5,10.4,395,285,6.69,6.8,5.32,4,2.59,,,,,NA,NA,NA,,8.841619824,,,,
OCCO7,Ocotea corymbosa,OCCO,Open,16-Jun,473,170,15.1,"12,8.1,8",540,520,NA,NA,NA,4,2.59,,,,,NA,NA,NA,,22.05398043,,,,
PLPO2,Plenckia populnea,PLPO,Open,19-Jun,448,140,11.2,"6.9,6.6,5.2",294,239,NA,NA,NA,5,2.59,,,,,3.888,297.9449955,76.63194329,,5.518678735,,,,
PLPO5,Plenckia populnea,PLPO,Open,19-Jun,606,67,18,"10.5,17.1",530,500,12.56,13,19.99,5,2.59,,,,,5.614,513.0904434,91.39480644,,20.81305133,,,,
TAGU5,Tapirira guianensis,TAGU,Open,3-Jul,900,182,15.9,14.5,409,401,4.01,4.81,4.57,5,2.6,,,,,11.522,912.5309348,79.19900493,,12.88123674,,,,
PIAX5,Piptocarpha axillaris,PIAX,Open,10-Jul,1050,700,26.2,25,530,485,13.43,21.71,18.45,5,2.64,,,,,7.238,574.2890306,79.34360744,,20.18865979,,,,
CASYS7,Casearia sylvestris,CASY,Shade,21-Jun,620,180,12.3,"11,7.4",615,375,8.69,7.25,7.5,1,2.65,,,,,3.466,414.1370929,119.4856009,,18.11324514,,,,
COLA2,Copaifera langsdorfii,COLA,Open,29-Jun,1200,320,25.5,21.6,550,415,18.99,15.42,17.75,4,2.66,,,,,3.655,323.3762708,88.47503989,,17.92671308,,,,LM value previously for COLA1 -- check the leaf areas! Seems good -- bag and scan both mislabeled as duplicate COLA1 instaed of COLA2
SIGU1,Siparuna guianensis,SIGU,Open,11-Jul,555,344,6,4.7,313,155,3.18,3.1,2.93,4,2.66,,,,,4.56,465.7164162,102.130793,,3.81035919,,,,
RAUMS5,Rapanea umbellata,RAUM,Shade,30-Jun,366,100,3.4,3.3,205,134,3.1,3.51,3.31,3,2.77,,,,,13.424,896.4853755,66.78228363,,2.157488755,,,,
OCCO8,Ocotea corymbosa,OCCO,Open,20-Jun,728,204,16.3,14.2,500,485,NA,NA,NA,5,2.78,,,,,NA,NA,NA,,19.04590546,,,,
MYFA11,Myrcia fallax,MYFA,Open,20-Jul,292,130,"5.5,5","4.5,5",219,225,NA,NA,NA,5,2.82,,,,,NA,NA,NA,,3.87004945,,,,
PLPO3,Plenckia populnea,PLPO,Open,19-Jun,253,55,8,"4.5,4.2,7.8",225,195,9.2,9.77,9.96,5,2.84,,,,,5.422,401.6459351,74.07708135,,3.445934442,,,,
ANFA10,Anadenanthera falcata,ANFA,Open,11-Jul,617,467,16.7,15.7,351,250,NA,NA,NA,4,2.9,,,,,,,#DIV/0!,,6.891868884,,,,
PEOBS5,Pera obovata,PEOB,Shade,21-Jun,520,220,11,10,382,376,6.58,4.78,6.49,1,2.93,,,,,NA,389.7592922,NA,,11.2808309,,,,No leaf mass found -- leaves missing
AMINS5,Amaouia intermedia,AMIN,Shade,3-Jul,782,464,7,4.8,280,267,2.49,2.76,2.31,3,2.94,,,,,12.39,1228.555177,99.15699575,,5.87163667,,,,
PIAX2,Piptocarpha axillaris,PIAX,Open,10-Jul,1100,372,24.5,23.2,950,770,21.14,24.54,16.99,5,3.01,,,,,4.555,447.9881363,98.35085319,,57.45187565,,,,
AMIN3,Amaouia intermedia,AMIN,Open,11-Jul,682,330,6.5,5.6,210,207,3.09,3.28,2.98,3,3.03,,,,,10.474,913.6963805,87.23471267,,3.414125816,,,,
TEGL2,Terminalia glabrescens,TEGL,Open,5-Jul,757,145,17.9,13.5,530,467,10.37,10.32,8.92,5,3.03,,,,,4.61,353.3265335,76.64349967,,19.43938994,,,,
PIAX4,Piptocarpha axillaris,PIAX,Open,10-Jul,800,568,26.2,24.9,1050,850,18.67,17.93,15.3,4,3.08,,,,,3.291,337.2796122,102.4854489,,70.09678608,,,,
VOTU7,Vochysia tucanorum,VOTU,Open,20-Jun,687,40,"13.1,14.5","13.6,11.6",408,383,NA,NA,NA,5,3.17,,,,,NA,NA,NA,,12.27294586,,,,
PLPO1,Plenckia populnea,PLPO,Open,19-Jun,465,60,10.8,"8.1,8.5",375,295,NA,NA,NA,5,3.25,,,,,7.271,545.8218474,75.06833275,,8.688467183,,,,
VOTU9,Vochysia tucanorum,VOTU,Open,30-Jun,452,70,13.7,11.6,405,377,NA,NA,NA,5,3.27,,,,,NA,NA,NA,,11.99185186,,,,
AMIN5,Amaouia intermedia,AMIN,Open,11-Jul,504,160,7.8,"4.5,5.1",222,168,3.08,3.58,5.35,4,3.28,,,,,6.107,601.8785812,98.55552336,,2.92922099,,,,
GOPO1,Moquiniastrum polymorpha,GOPO,Open,24-May,420,40,17,16.4,520,400,NA,NA,NA,5,3.33,NA,NA,NA,NA,NA,NA,NA,NA,16.3362818,NA,NA,NA,No destructive harvest
OCCO9,Ocotea corymbosa,OCCO,Open,19-Jun,594,110,"7.7,7.7",14.1,291,322,7.55,7.29,6.19,5,3.48,,,,,NA,NA,NA,,7.359337871,,,,
AMINS3,Amaouia intermedia,AMIN,Shade,3-Jul,712,246,8.1,7.3,352,302,2.75,3.13,2.86,2,3.59,,,,,5.881,600.9980095,102.193166,,8.349096636,,,,
PIAX3,Piptocarpha axillaris,PIAX,Open,10-Jul,850,430,19,17.2,570,460,16.83,15.54,14.09,4,3.66,,,,,4.314,464.4417951,107.6592015,,20.59313984,,,,
TEGL4,Terminalia glabrescens,TEGL,Open,14-Jul,1100,110,29.4,32.9,1427,1340,15.66,15.89,16.22,5,3.66,,,,,7.002,441.7948153,63.09551776,,150.182266,,,,
PEOB7,Pera obovata,PEOB,Open,21-Jun,750,40,"37,23.8","21,22.5,16.7,14.7",880,793,12.18,9.33,9.96,5,3.72,NA,NA,NA,NA,NA,NA,NA,NA,54.80822543,,,,
TACA5,Tabernaemontana catherinensis,TACA,Open,21-Jun,461,60,13.5,13.3,465,350,7.98,6.13,7.33,5,3.75,NA,NA,NA,NA,6.378,674.97865,105.829202,NA,12.78235511,,,,
PEOB8,Pera obovata,PEOB,Open,21-Jun,800,30,43,"18,29.1",923,740,12.03,10.21,8.41,5,3.84,NA,NA,NA,NA,NA,NA,NA,NA,53.64426536,,,,
COLA5,Copaifera langsdorfii,COLA,Open,10-Jul,1040,550,26.6,24.8,670,430,27.67,21.28,18.73,5,4.02,,,,,5.832,453.3127851,77.72852969,,22.62732109,,,,
PEOB1,Pera obovata,PEOB,Open,30-Jun,770,150,20.8,17.8,670,550,6.92,7.14,7.5,5,4.12,,,,,NA,NA,NA,,28.94192232,,,,
ERGR2,Eriotheca gracilipes,ERGR,Open,27-Jul,382,185,12,9.8,209,190,17.1,21.19,20.39,5,1.95,,,,,12.085,771.1021137,63.80654644,,3.118816107,,,,
AMINS1,Amaouia intermedia,AMIN,Shade,NA,777,268,10,9.7,445,310,NA,NA,NA,1,NA,,,,,,,#DIV/0!,,10.83456766,,,,
AMINS2,Amaouia intermedia,AMIN,Shade,NA,252,100,6.4,5,357,304,NA,NA,NA,1,NA,,,,,,,#DIV/0!,,8.523769188,,,,
AMINS6,Amaouia intermedia,AMIN,Shade,NA,648,203,6.9,5.6,362,195,NA,NA,NA,1,NA,,,,,,,#DIV/0!,,5.544125635,,,,
COLAS1,Copaifera langsdorfii,COLA,Shade,NA,1100,800,19.6,19.2,500,480,10.76,7.31,13.27,3,NA,,,,,,,NA,,18.84955592,,,,
COLAS2,Copaifera langsdorfii,COLA,Shade,NA,1040,649,15.1,13.9,460,460,15.55,7.98,17.74,3,NA,,,,,,,NA,,16.61902514,,,,
MYFA9,Myrcia fallax,MYFA,Open,NA,224,95,3.2,2,118,127,NA,NA,NA,3,NA,,,,,NA,NA,NA,,1.176997688,,,,
MYFAS10,Myrcia fallax,MYFA,Shade,NA,260,30,6.1,3.5,290,271,NA,NA,NA,2,NA,,,,,NA,NA,NA,,6.172444166,,,,
PIAXS1,Piptocarpha axillaris,PIAX,Shade,NA,533,80,9.8,6,173,163,NA,NA,NA,1,NA,,,,,NA,NA,NA,,2.214744281,,,,
RAUMS9,Rapanea umbellata,RAUM,Shade,NA,840,316,5.1,4.5,209,198,2.45,2.47,4.02,3,NA,,,,,NA,NA,NA,,3.25013468,,,,
SIGUS1,Siparuna guianensis,SIGU,Shade,NA,800,381,8.2,7.2,803,280,3.93,3.44,2.72,2,NA,,,,,4.122,560.3565854,135.9428883,,17.65889231,,,,Original LAI 3.76 7/3 -- lots of vines
SIGUS4,Siparuna guianensis,SIGU,Shade,NA,900,253,9.5,"6,7.7",440,391,4.52,4.06,5.32,3,NA,,,,,NA,NA,NA,,13.51199,,,,
TEGL1,Terminalia glabrescens,TEGL,Open,NA,469,165,12.5,12,550,500,NA,NA,NA,4,NA,,,,,NA,NA,NA,,21.59844949,,,,
TEGLS3,Terminalia glabrescens,TEGL,Shade,NA,1400,514,15,14,450,445,NA,NA,NA,3,NA,,,,,NA,NA,NA,,15.72759822,,,,
