P,Especie,Sub,N,H.1,H.2,DAP.1,DAP.2,D.30cm.1,D.30.2,obs,Form.DAP1,For.DAP2,cresc
13,Ocotea corymbosa (Meisn.) Mez,1,2510,6,4.5,7.4,3.8,8.5,4.9,from last year,7.4,3.8,-3.6
13,Moquiniastrum polymorphum (Less.) G. Sancho,1,2511,4.5,,6.7,8+5.4+3.8,9.9,11.4,,6.7,10.37304198,3.673041984
13,Moquiniastrum polymorphum (Less.) G. Sancho,1,2512,3.5,,5,5.3,6.9,6.7,,5,5.3,0.3
13,Moquiniastrum polymorphum (Less.) G. Sancho,1,2513,4,,6.6+5,7.7+5+3.2,12.8,13.2,,8.280096618,9.722653959,1.442557341
13,Moquiniastrum polymorphum (Less.) G. Sancho,1,2514,2.5,,5.1,6,6,7,,5.1,6,0.9
13,Moquiniastrum polymorphum (Less.) G. Sancho,1,2515,4.5,,9.9,10.4,11.3,12,,9.9,10.4,0.5
13,Cybistax antisyphilitica (Mart.) Mart.,1,2516,4.5,,10.2,10.3,11,10.1,,10.2,10.3,0.1
13,Moquiniastrum polymorphum (Less.) G. Sancho,1,2517,4.5,,9.3,9.2,11.3,11.2,,9.3,9.2,-0.1
13,Moquiniastrum polymorphum (Less.) G. Sancho,1,2518,3.5,,8.8,8.8,9,9.8,,8.8,8.8,0
13,Moquiniastrum polymorphum (Less.) G. Sancho,1,2519,2,,1.9+1.4+1.1,2.6,3.4,4,,2.603843313,2.6,-0.003843313
13,Moquiniastrum polymorphum (Less.) G. Sancho,1,2520,2.5,m,2.9,m,4.3,m,,2.9,,#VALUE!
13,Moquiniastrum polymorphum (Less.) G. Sancho,1,2521,2.5,0.28,1.4+1.1+1.5,0,3.9,0.36,,2.328089345,0,-2.328089345
13,Moquiniastrum polymorphum (Less.) G. Sancho,1,2522,2.5,,4.3+1.3,4.1,5.3,5.7,,4.492215489,4.1,-0.392215489
13,Cybistax antisyphilitica (Mart.) Mart.,1,2523,1.9,,2.3,2.9+1.2,4,4.5,,2.3,3.138470965,0.838470965
13,Moquiniastrum polymorphum (Less.) G. Sancho,1,2524,3,m,2.5,m,3.2,m,,2.5,,#VALUE!
13,Moquiniastrum polymorphum (Less.) G. Sancho,1,2525,2,1.75,2.4+1.9,0,3.7,0.79,,3.061045573,0,-3.061045573
13,Campomanesia adamantium (Cambess.) O.Berg,1,2526,1.7,1.78,1.1+1.1,0.7,2.3,1.34,,1.555634919,0.7,-0.855634919
13,Campomanesia adamantium (Cambess.) O.Berg,1,2527,1.7,,1.9,,2.5,,,1.9,,#VALUE!
13,Campomanesia adamantium (Cambess.) O.Berg,1,2528,1.7,,1.5,,3.2,,,1.5,,#VALUE!
13,Campomanesia adamantium (Cambess.) O.Berg,1,2529,1.8,,1+2.3,,3.7,,,2.507987241,,#VALUE!
13,Campomanesia adamantium (Cambess.) O.Berg,1,2530,1.7,,1,,2,,,1,,#VALUE!
13,Campomanesia adamantium (Cambess.) O.Berg,1,2531,1.7,,1.3+1.1,,2.5,,,1.702938637,,#VALUE!
13,Moquiniastrum polymorphum (Less.) G. Sancho,2,2532,6.5,,18.9+5.5+7+12.5,19.5+5.4+m+13.6,25+21.1,18.2+24.3,,24.34563616,24.37970467,0.034068515
13,Moquiniastrum polymorphum (Less.) G. Sancho,2,2533,3.5,,5.3+5.2+7.2,8.1+5.7+5.2,7.7+9.3,8.1+9.4,,10.34263023,11.18659913,0.843968899
13,Moquiniastrum polymorphum (Less.) G. Sancho,2,2534,4,,8.1,10.7,10.3,11.8,,8.1,10.7,2.6
13,Pera glabrata (Schott) Poepp. ex Baill.,2,2535,5,,7.8,8.5,9.3,9.1,,7.8,8.5,0.7
13,Stryphnodendron rotundifolium Mart.,2,2536,4.5,,7.4,7.6,7.8,8.1,,7.4,7.6,0.2
13,Moquiniastrum polymorphum (Less.) G. Sancho,2,2537,3,,5.5,5.9+3.4,7,7.7,,5.5,6.809552114,1.309552114
13,Moquiniastrum polymorphum (Less.) G. Sancho,2,2538,3.5,,8.1,11,8.4,10.5,,8.1,11,2.9
13,Moquiniastrum polymorphum (Less.) G. Sancho,2,2539,4.5,,5.6,6.4,6.4,7.6,,5.6,6.4,0.8
13,Caryocar brasiliense Cambess.,2,2540,3,,8.3,9.4,11.7,10.8,,8.3,9.4,1.1
13,Moquiniastrum polymorphum (Less.) G. Sancho,2,2541,3,,5.1,4.1+2.6+6.1,6.4,8.2+7.2,,5.1,7.796152897,2.696152897
13,Myrcia multiflora (Lam.) DC.,2,2542,2.8,,1.5,1.3,2,1.6,,1.5,1.3,-0.2
13,Caryocar brasiliense Cambess.,2,2544,2,,7.3,3.3+3.9+2.5+2.9,8.6,9.2+8.1,,7.3,6.38435588,-0.91564412
13,Moquiniastrum polymorphum (Less.) G. Sancho,2,2545,4,,8+9.7,8.8+8,10+10.9,9.5+10.3,,12.57338459,11.892855,-0.68052959
13,Caryocar brasiliense Cambess.,2,2546,2.5,,8.7,9.4,10,10.2,,8.7,9.4,0.7
13,Machaerium brasiliense Vogel,2,2547,2.2,,1.1+1.3,1.2+1.7,2.1,2.2,,1.702938637,2.080865205,0.377926568
13,Moquiniastrum polymorphum (Less.) G. Sancho,2,2548,2.5,,4,4.8,5.3,6,,4,4.8,0.8
13,Stryphnodendron rotundifolium Mart.,2,2549,1.9,,1.1,2.2,2,3,,1.1,2.2,1.1
13,Caryocar brasiliense Cambess.,2,2550,1.9,1.48,1.1+1.1+15,1,6.9,7.3,,15.08045092,1,-14.08045092
13,Caryocar brasiliense Cambess.,2,2551,1.8,1.29,2.2,0,5.8,5.1,,2.2,0,-2.2
13,Campomanesia adamantium (Cambess.) O.Berg,2,2552,1.8,0.79,1.5,0,2.9,0.36,,1.5,0,-1.5
13,Myrcia splendens (Sw.) DC.,2,2553,2,1.18,1.2,0,1.7,0.6,,1.2,0,-1.2
13,Stryphnodendron rotundifolium Mart.,3,2554,3.5,,5.8,2.8+5.6,6,5.7,,5.8,6.260990337,0.460990337
13,Moquiniastrum polymorphum (Less.) G. Sancho,3,2555,4,,5.5,6.5,12.5,9.8,,5.5,6.5,1
13,Ocotea pulchella (Nees & Mart.) Mez,3,2556,5.5,,5+8+6,9.1+6.8+6.6+5.6+2.7,7.4+10.5,12.4+9.7,,11.18033989,14.53478586,3.354445973
13,Annona crassiflora Mart.,3,2557,6.5,,15.6,16.1,18.1,18.7,,15.6,16.1,0.5
13,Ocotea corymbosa (Meisn.) Mez,3,2558,5.5,,6.4,8.9,6.8,11,,6.4,8.9,2.5
13,Moquiniastrum polymorphum (Less.) G. Sancho,3,2559,4,,5.2,5.9,6.8,7,,5.2,5.9,0.7
13,Machaerium brasiliense Vogel,3,2560,4.5,,3.2,4.1,4.2,5.6,,3.2,4.1,0.9
13,Myrcia multiflora (Lam.) DC.,3,2561,1.9,1.1,1,0,1.6,0.47,,1,0,-1
13,Ocotea corymbosa (Meisn.) Mez,3,2562,3,,1.4+1.5,2.28+2.29,2.1,3.5,,2.051828453,3.231485726,1.179657274
13,Zanthoxylum rhoifolium Lam.,3,2563,2,,2.2,2.1,2.1,2,,2.2,2.1,-0.1
13,Moquiniastrum barrosoae (Cabrera) G. Sancho,3,2564,3,,2.5+1.3+2.1,2.7+1.4,4.5,5.1,,3.514256678,3.041381265,-0.472875413
13,Campomanesia adamantium (Cambess.) O.Berg,3,2565,1.7,1.34,1.4,0.4,2.5,0.8,,1.4,0.4,-1
13,Caryocar brasiliense Cambess.,3,2566,1.8,1.32,1.1,0.7,1.5,1.6,,1.1,0.7,-0.4
13,Leptolobium elegans Vogel,3,2567,1.7,,1.5,1.5,3.2,3.5,,1.5,1.5,0
13,Chromolaena laevigata (Lam.) R.M.King & H.Rob.,3,2568,2.5,m,1,m,1,m,m,1,,#VALUE!
13,Moquiniastrum polymorphum (Less.) G. Sancho,4,2569,4.55,,6.8,2.9+6.9,11,3+11.4,,6.8,7.48465096,0.68465096
13,Moquiniastrum polymorphum (Less.) G. Sancho,4,2570,6.5,,20.2+11.1+18,18.6+20+21.8+12,45.1,45+22.4+19.3+20.3,,29.24465763,36.94861296,7.703955333
13,Ocotea corymbosa (Meisn.) Mez,4,2571,7,,8,9.7,12.3,14.2,,8,9.7,1.7
13,Casearia sylvestris Sw.,4,2572,4,,7.4,8,7.8,7.4,,7.4,8,0.6
13,Pera glabrata (Schott) Poepp. ex Baill.,4,2573,5.5,,6.1,7.1,7.6,8.3,,6.1,7.1,1
13,Diospyros hispida A.DC.,4,2574,2.3,,6,6.2+4.3,6.4,6.7,,6,7.545197148,1.545197148
13,Casearia sylvestris Sw.,4,2575,2.1,1.11,1+1.9,0,2.4+2.1,0.83,,2.147091055,0,-2.147091055
13,Leptolobium elegans Vogel,4,2576,1.7,,2,2.5,3.8,4.2,,2,2.5,0.5
13,Matayba elaeagnoides Radlk.,4,2577,2.1,0.44,1.9,0,3.3,0.51,,1.9,0,-1.9
13,Casearia sylvestris Sw.,4,2578,2.5,0.9,1.5+1.9+1.8,0,1.6+2.5+2.3,0.35,,3.016620626,0,-3.016620626
13,Casearia sylvestris Sw.,4,2579,2.5,,2.6,3.5,3.2,4.9,,2.6,3.5,0.9
13,Casearia sylvestris Sw.,4,2580,2,,1.4,1.3,5.9,4.5,,1.4,1.3,-0.1
13,Myrcia splendens (Sw.) DC.,4,2581,2.5,,3.7,4,6.7,6.2,,3.7,4,0.3
13,Styrax camporum Pohl,4,2582,2.6,0.72,1.7,0,2.5,0.79,,1.7,0,-1.7
13,Myrcia splendens (Sw.) DC.,4,2583,2.5,1.5,1.6+1.5,0.24,3.5,0.78,,2.19317122,0.24,-1.95317122
13,Myrcia splendens (Sw.) DC.,4,2584,2.5,0.57,1.4,0,2,0.7,,1.4,0,-1.4
13,Machaerium brasiliense Vogel,4,2585,3.5,1.12,3.6,0,4.4,0.71,,3.6,0,-3.6
13,Moquiniastrum polymorphum (Less.) G. Sancho,5,2586,3.5,,8.2+9.7,11.4+11.5,13,14.5,,12.70157471,16.19289968,3.491324973
13,Moquiniastrum polymorphum (Less.) G. Sancho,5,2587,4.5,,17+9.9,17.7+10.3,22.9,22.1,,19.67256974,20.47876949,0.806199759
13,Moquiniastrum polymorphum (Less.) G. Sancho,5,2588,3,,6.3,5.6,10.4,11.1,,6.3,5.6,-0.7
13,Moquiniastrum polymorphum (Less.) G. Sancho,5,2589,3.5,,5.5+5.9,7.5,8.8,10.3,,8.065977932,7.5,-0.565977932
13,Dimorphandra mollis Benth.,5,2590,2.2,,2.7,4.3,4,6.3,,2.7,4.3,1.6
13,Myrcia splendens (Sw.) DC.,5,2591,2.3,,1.1+2.1+1.2,2.5+2.5+4+2.4,2.6+3.9,5.1+4.3,,2.657066051,5.853204251,3.1961382
13,Moquiniastrum polymorphum (Less.) G. Sancho,5,2592,2,1.27,1.5,0,3.4,2.64,,1.5,0,-1.5
13,Moquiniastrum polymorphum (Less.) G. Sancho,6,2593,3.5,m,6.8,m,9.4,m,,6.8,,#VALUE!
13,Moquiniastrum polymorphum (Less.) G. Sancho,6,2594,4,,5.3+6.3+7.7,8.7+7.6+5.8,10.7+9.4,10.2+12.0,,11.27253299,12.92632972,1.653796729
13,Dimorphandra mollis Benth.,6,2595,3,,5.7,9,7,10.3,,5.7,9,3.3
13,Tabernaemontana catharinensis A.DC.,6,2596,1.8,0.69,1.1+1.2,0,2.7,0.53,,1.62788206,0,-1.62788206
13,Myrcia splendens (Sw.) DC.,6,2597,2.5,,2.6,3.3,4,4.4,,2.6,3.3,0.7
13,Dimorphandra mollis Benth.,6,2598,2.2,,2.4+1.8+2.8,2.7+2+1.8+1.1,4+3.9,5.1+4.8,,4.103656906,3.967366885,-0.136290021
13,Dimorphandra mollis Benth.,6,2599,1.9,1.58,2.3,1.3,3.5,4.4,,2.3,1.3,-1
13,Dimorphandra mollis Benth.,6,2600,2.5,1.61,3.9,1.09,4.2,5.4,,3.9,1.09,-2.81
13,Aegiphila integrifolia (Jacq.) Moldenke,6,2601,2.5,2.84,1.2,1.7+1.5,1.9,3.8,,1.2,2.26715681,1.06715681
13,Leptolobium elegans Vogel,6,2602,1.7,0.52,1.3,0,4.1,0.68,,1.3,0,-1.3
13,Leptolobium elegans Vogel,6,2603,1.7,m,1.6,m,4.2,m,,1.6,,#VALUE!
13,Ocotea corymbosa (Meisn.) Mez,7,2604,6,,8.6,9.8,9.6,11.4,,8.6,9.8,1.2
13,Moquiniastrum barrosoae (Cabrera) G. Sancho,7,2605,6.5,,23.6+18.6+19.7+22.9+12.7+8.3,24.1+9.2+m+m+m,45.5,46.2,,45.22830972,25.79631757,-19.43199215
13,Ocotea corymbosa (Meisn.) Mez,7,2606,5.5,0.83,5.3,0,6.1,0.55,,5.3,0,-5.3
13,Ocotea corymbosa (Meisn.) Mez,7,2607,4.5,0.62,1.6,0,2.2,0.53,,1.6,0,-1.6
13,Styrax camporum Pohl,7,2608,4,,2.8,3.2,3.8,4.2,,2.8,3.2,0.4
13,Ocotea corymbosa (Meisn.) Mez,7,2609,5,,6.2,7.7,7,10,,6.2,7.7,1.5
13,Ocotea corymbosa (Meisn.) Mez,7,2610,5,1.36,4.4,0.22,5,1.12,,4.4,0.22,-4.18
13,Myrcia splendens (Sw.) DC.,7,2611,2.5,m,2.3,m,3.3,m,,2.3,,#VALUE!
13,Ocotea corymbosa (Meisn.) Mez,7,2612,2.5,0.2,1.1,0,1.7,0.1,,1.1,0,-1.1
13,Myrcia splendens (Sw.) DC.,7,2613,2.5,,1.4+1.5,1.8+2.3,2.5,3.8,,2.051828453,2.920616373,0.86878792
13,Myrcia splendens (Sw.) DC.,7,2614,2.5,1.66,1.2,0,2.2,0.65,,1.2,0,-1.2
13,Myrcia splendens (Sw.) DC.,7,2615,2.5,,1.9+1.5+1.3+1.2,2.6+2.58+1.55+2.1,4.3,6.4,,2.99833287,4.497654945,1.499322074
13,Matayba elaeagnoides Radlk.,7,2616,2.5,1.05,1.3+1.6,0,2.2,0.71,,2.061552813,0,-2.061552813
13,Eugenia suberosa,7,2617,2.2,0.88,1,0,2,0.77,,1,0,-1
13,Stryphnodendron rotundifolium Mart.,8,2618,2,,6.3,6.5,6.9,7.1,,6.3,6.5,0.2
13,Moquiniastrum polymorphum (Less.) G. Sancho,8,2619,4,,9.7+5.9+5.8,5.6+10+5.8,10.7+9.8+6.9,11+7.1+9.1,,12.74911762,12.84523258,0.096114962
13,Ocotea corymbosa (Meisn.) Mez,8,2620,4.5,,5.1,6.3+1.6+2.05+1.74,6,9.1+2.08+2.48+3,,5.1,7.034209266,1.934209266
13,Caryocar brasiliense Cambess.,8,2621,3.5,,8.9,9.9,11.5,10.9,,8.9,9.9,1
13,Moquiniastrum polymorphum (Less.) G. Sancho,8,2622,3.5,,8.5,8.8,10,10.2,,8.5,8.8,0.3
13,Moquiniastrum polymorphum (Less.) G. Sancho,8,2623,4.5,,14.1+9.2,9.8+15.3,17.8,17.7,,16.83597339,18.1694799,1.333506514
13,Moquiniastrum polymorphum (Less.) G. Sancho,8,2624,3.5,,12.8,13,14.6,14.5,,12.8,13,0.2
13,Ocotea corymbosa (Meisn.) Mez,8,2625,6,,8.5,10.2,10.8,18.8,,8.5,10.2,1.7
13,Myrsine coriacea (Sw.) R.Br. ex Roem. & Schult.,8,2626,2.1,m,1,m,1.5,m,m,1,,#VALUE!
13,Moquiniastrum barrosoae (Cabrera) G. Sancho,8,2627,2.5,2.7,2.4+2,0.4,1.9+4.7,0.6,,3.12409987,0.4,-2.72409987
13,Myrcia splendens (Sw.) DC.,8,2628,2.5,,2.1+1.5,1.7+2.7,4.8,5.4,,2.58069758,3.190611227,0.609913647
13,Myrcia multiflora (Lam.) DC.,8,2629,2.5,0.77,1.4,0,2,0.5,,1.4,0,-1.4
13,Myrcia splendens (Sw.) DC.,8,2630,3,1.44,1.5,0.17,2.4,0.86,,1.5,0.17,-1.33
13,Myrcia splendens (Sw.) DC.,8,2631,2.5,1.49,1.4,0.23,2.5,0.77,,1.4,0.23,-1.17
13,Moquiniastrum barrosoae (Cabrera) G. Sancho,8,2632,2.5,0.32,1.2,0,1.7,0.39,,1.2,0,-1.2
13,Matayba elaeagnoides Radlk.,8,2633,2.3,1.19,2.5,0,2.8,0.99,,2.5,0,-2.5
13,Ocotea corymbosa (Meisn.) Mez,8,2634,3.5,,1.8,2.5,2.2,2.5,,1.8,2.5,0.7
13,Ouratea spectabilis (Mart.) Engl.,8,2635,1.8,,2.5+2.0,1.8+1.9,5.6,6,,3.201562119,2.617250466,-0.584311653
13,Moquiniastrum polymorphum (Less.) G. Sancho,9,2636,3.5,,5.2,5.8,7.4,8.3,,5.2,5.8,0.6
13,Ocotea corymbosa (Meisn.) Mez,9,2637,7.5,4.2,17.7,3.2,24.6,3.5,,17.7,3.2,-14.5
13,Ocotea corymbosa (Meisn.) Mez,9,2638,7,,12.5,13.6,15,18.5,,12.5,13.6,1.1
13,Moquiniastrum polymorphum (Less.) G. Sancho,9,2639,4,,5.6,6.3+5.6+5.3,8.5,7.1+8.5,,5.6,9.95690715,4.35690715
13,Vochysia tucanorum Mart.,9,2640,4.5,,5.8,11.5+3.8,7.7,16.4,,5.8,12.11156472,6.311564721
13,Moquiniastrum polymorphum (Less.) G. Sancho,9,2641,5,,10.7,12.6,12.1,14,,10.7,12.6,1.9
13,Moquiniastrum polymorphum (Less.) G. Sancho,9,2642,5,,10,10.3,11,11.3,,10,10.3,0.3
13,Myrcia splendens (Sw.) DC.,9,2643,3.5,,1.7,2.5,2.3,3.5,,1.7,2.5,0.8
13,Moquiniastrum polymorphum (Less.) G. Sancho,9,2644,3,0.88,1.5,0,2.3,0.19,,1.5,0,-1.5
13,Moquiniastrum polymorphum (Less.) G. Sancho,9,2645,1.7,,1.7+2.3+1.6,2.8+2.31,4.3,5.2,,3.277193922,3.629889805,0.352695884
13,Moquiniastrum polymorphum (Less.) G. Sancho,9,2646,2,,1.5+2.5,2.3+2.6,4.2,4.4,,2.915475947,3.471310992,0.555835044
13,Myrcia multiflora (Lam.) DC.,9,2647,2.5,,2.2+2,2.9+2.6,3.1,3.9,,2.973213749,3.894868419,0.921654669
13,Moquiniastrum polymorphum (Less.) G. Sancho,9,2648,2.1,,2.2+2.02.3+1.9+3+2.2,3.1+2.4+2.2+1.4+1.1,4.2+3.9,4.8+4.8,,#VALUE!,4.835286961,#VALUE!
13,Miconia ligustroides (DC.) Naudin,9,2649,2,,1.4,2.1,2,3.3,,1.4,2.1,0.7
13,Myrcia splendens (Sw.) DC.,9,2650,2.1,,1.2,2,2,3,,1.2,2,0.8
13,Moquiniastrum polymorphum (Less.) G. Sancho,10,2651,3.5,,7.3,5.5+7,9.5,10,,7.3,8.902246907,1.602246907
13,Moquiniastrum polymorphum (Less.) G. Sancho,10,2652,3.5,,6.8,6.8,8.2,8.3,,6.8,6.8,0
13,Moquiniastrum polymorphum (Less.) G. Sancho,10,2653,4,,11.8,13,11.7,13.2,,11.8,13,1.2
13,Ocotea corymbosa (Meisn.) Mez,10,2654,4.5,,6.2,7.2,7,7.4,,6.2,7.2,1
13,Ocotea corymbosa (Meisn.) Mez,10,2655,4.5,,5,7.7,5.4,8.1,,5,7.7,2.7
13,Ocotea corymbosa (Meisn.) Mez,10,2656,6.5,,14.7,17.5,16.3,19.4,,14.7,17.5,2.8
13,Ocotea corymbosa (Meisn.) Mez,10,2657,6,,7,8.4,7.7,9.5,,7,8.4,1.4
13,Cybistax antisyphilitica (Mart.) Mart.,10,2658,2.8,,6.5,5.4+7,10.1,9.5,,6.5,8.840814442,2.340814442
13,Ocotea corymbosa (Meisn.) Mez,10,2659,6,,11.9,15.7,12.7,16.1,,11.9,15.7,3.8
13,Ocotea corymbosa (Meisn.) Mez,10,2660,5,,6.5,8,7.5,8.6,,6.5,8,1.5
13,Moquiniastrum polymorphum (Less.) G. Sancho,10,2661,4,1.68,7.6,0.75,8.3,1.31,,7.6,0.75,-6.85
13,Stryphnodendron rotundifolium Mart.,10,2662,5.5,2.61,6.3,2,7.4,2.5,,6.3,2,-4.3
13,Moquiniastrum polymorphum (Less.) G. Sancho,10,2663,4,,6.5,5.4+3.5+6.8,9.8,10.4,,6.5,9.362157871,2.862157871
13,Matayba elaeagnoides Radlk.,10,2664,5,,9.2,10.1,10.2,10.4,,9.2,10.1,0.9
13,Ocotea corymbosa (Meisn.) Mez,10,2665,5,,4.1,0.6,4,0.9,,4.1,0.6,-3.5
13,Myrcia venulosa DC.,10,2666,4,,2.6,3.8,3,4.3,,2.6,3.8,1.2
13,Myrcia splendens (Sw.) DC.,10,2667,2.5,1.47,1.2,0,1.5,0.62,,1.2,0,-1.2
13,Moquiniastrum polymorphum (Less.) G. Sancho,10,2668,3,,3.4,3.2,3.6,3.5,,3.4,3.2,-0.2
13,Moquiniastrum polymorphum (Less.) G. Sancho,10,2669,4.5,,4.2,4.3,5.5,5.7,,4.2,4.3,0.1
13,Ocotea corymbosa (Meisn.) Mez,10,2670,2.5,,2.2,2.2,2.3,2.5,,2.2,2.2,0
13,Moquiniastrum polymorphum (Less.) G. Sancho,10,2671,2,1.4,2.8,0.48,3.1,0.85,,2.8,0.48,-2.32
13,Machaerium brasiliense Vogel,10,2672,1.9,0.56,1,0,1.7,0.4,,1,0,-1
13,Leptolobium elegans Vogel,10,2673,1.8,,1.4,1.6,5,5,,1.4,1.6,0.2
13,Moquiniastrum polymorphum (Less.) G. Sancho,10,2674,2.2,1.57,1.7+1.1,0.4,2.9,0.7,,2.024845673,0.4,-1.624845673
13,Moquiniastrum polymorphum (Less.) G. Sancho,10,2675,3.5,,4.8+3.4,5.8+3.1,6.5,8,,5.882176468,6.576473219,0.694296751
13,Ocotea corymbosa (Meisn.) Mez,10,2676,3.5,,2,3.2,2.9,4.7,,2,3.2,1.2
13,Styrax camporum Pohl,10,2677,3.5,,3.5+1.2,3.7,5.2,5.7,,3.7,3.7,0
13,Ocotea minarum (Nees & Mart.) Mez,10,2678,2,0.98,1.2,0,1.5,0.95,,1.2,0,-1.2
13,Myrcia splendens (Sw.) DC.,10,2679,3,,3.6,3.7,4,3.8,,3.6,3.7,0.1
13,Myrcia splendens (Sw.) DC.,10,2680,3,,2.1+2.3,3,2.9,3.8,,3.1144823,3,-0.1144823
13,Myrcia splendens (Sw.) DC.,10,2681,2.5,0.89,2.5,0,2.5,0.41,,2.5,0,-2.5
13,Myrsine coriacea (Sw.) R.Br. ex Roem. & Schult.,10,2682,4,,2.9,2.9,3.1,3.2,,2.9,2.9,0
13,Myrcia multiflora (Lam.) DC.,10,2683,2.8,1.7,1,0,1.3,0.7,,1,0,-1
13,Ocotea corymbosa (Meisn.) Mez,10,2684,2.5,1,1.1,0,1.4,0.57,,1.1,0,-1.1
14,Cupania vernalis Cambess.,1,2685,6,m,5.6,m,5.5,m,m,5.6,,#VALUE!
14,Tapirira guianensis Aubl.,1,2686,8,,8.8,10.3,10,11.7,,8.8,10.3,1.5
14,Tapirira guianensis Aubl.,1,2687,7,,5.8,8.2,7.2,9.9,?,5.8,8.2,2.4
14,Pera glabrata (Schott) Poepp. ex Baill.,1,2688,7,,5.6,6.3,6.2,6.7,,5.6,6.3,0.7
14,Pera glabrata (Schott) Poepp. ex Baill.,1,2689,10,,25.5,25.9,29.9,30.3,,25.5,25.9,0.4
14,Matayba elaeagnoides Radlk.,1,2690,10,,11.7,13.3,13.4,14,,11.7,13.3,1.6
14,Pera glabrata (Schott) Poepp. ex Baill.,1,2691,12,,21.1,23,25,28.1,,21.1,23,1.9
14,Terminalia glabrescens Mart.,1,2692,10,,14.3,15.1,15.3,16,,14.3,15.1,0.8
14,Syagrus romanzoffiana (Cham.) Glassman,1,2693,7,,12.4,17.3,18.5,23.8,,12.4,17.3,4.9
14,Myrcia splendens (Sw.) DC.,1,2694,5,,6.7,6.8,7.1,7,?,6.7,6.8,0.1
14,Matayba elaeagnoides Radlk.,1,2695,10,,24.4,26.3,27.6,29,,24.4,26.3,1.9
14,Casearia sylvestris Sw.,1,2696,6,,6.2,6.5,7,7.2,,6.2,6.5,0.3
14,Moquiniastrum polymorphum (Less.) G. Sancho,1,2697,6,,5.3,5.5,7.2,7.7,above 30cm,5.3,5.5,0.2
14,Moquiniastrum polymorphum (Less.) G. Sancho,1,2698,5,,5.8,5.6,7,7,,5.8,5.6,-0.2
14,Lacistema hasslerianum Chodat,1,2699,7,,7.5,8.7,8.6,9.2,,7.5,8.7,1.2
14,Styrax camporum Pohl,1,2700,6,m,5.1+6.6,m,10.7,m,m,8.340863265,,#VALUE!
14,Pera glabrata (Schott) Poepp. ex Baill.,1,2701,8,,6,6,7.2,7.2,,6,6,0
14,Casearia sylvestris Sw.,1,2702,8,,9.4,9.3,11,11.2,,9.4,9.3,-0.1
14,Siparuna guianensis Aubl.,1,2703,4,,2,3.2,2.2,3.5,,2,3.2,1.2
14,Faramea montevidensis (Cham. & Schltdl.) DC.,1,2704,2.2,,1.1,1,2.7,2.8,,1.1,1,-0.1
14,Ocotea minarum (Nees & Mart.) Mez,1,2705,5,,3.8,3.9,4.6,4.7,DA 28 cm,3.8,3.9,0.1
14,Tapirira guianensis Aubl.,1,2706,2.8,,1.4,1.1,1.6,1.4,,1.4,1.1,-0.3
14,Myrcia tomentosa (Aubl.) DC.,1,2707,2,m,2.1,m,2.8,m,m,2.1,,#VALUE!
14,Moquiniastrum polymorphum (Less.) G. Sancho,1,2708,3.5,,1.8,3,3.9,5,,1.8,3,1.2
14,Myrsine umbellata Mart.,1,2709,3,m,2,m,3,m,m,2,,#VALUE!
14,Ocotea minarum (Nees & Mart.) Mez,1,2710,3.5,m,2.1,m,2.4,m,m,2.1,,#VALUE!
14,Ocotea minarum (Nees & Mart.) Mez,1,2711,3,m,1.5,m,1.9,m,m,1.5,,#VALUE!
14,Machaerium brasiliense Vogel,1,2712,5,,6,6.2,6.8,7.1,,6,6.2,0.2
14,Tapirira guianensis Aubl.,1,2713,4,,1.5,2.4,1.8,2.4,,1.5,2.4,0.9
14,Moquiniastrum polymorphum (Less.) G. Sancho,1,2714,4,,2.2,2.1,2.8,2.9,,2.2,2.1,-0.1
14,Moquiniastrum polymorphum (Less.) G. Sancho,1,2715,4,,2+1.1+1.9+3.5,2.3+3.2+3.5,4.7,5.1,,4.590206967,5.270673581,0.680466614
14,Myrsine coriacea (Sw.) R.Br. ex Roem. & Schult.,1,2716,NA,,1.6,1.9+1.1,2,2.2,,1.6,2.19544984,0.59544984
14,Citrus x limon (L.) Osbeck,1,2717,3,,3.3+3.8+5.2,3.2+3.9+3.7,3.1+3.9+4.9,4.9+3.9+3.1,,7.236711961,6.256196928,-0.980515033
14,Myrcia splendens (Sw.) DC.,1,2718,6,,5,5.1,5,5,,5,5.1,0.1
14,Matayba elaeagnoides Radlk.,1,2719,2.2,m,1,m,1.5,m,,1,,#VALUE!
14,Myrcia splendens (Sw.) DC.,1,2720,5,,4.5,4.9,5.9,7.5,,4.5,4.9,0.4
14,Tapirira guianensis Aubl.,2,2722,12,,11.7,14.1,13.4,15.5,cipo,11.7,14.1,2.4
14,Myrcia tomentosa (Aubl.) DC.,2,2723,5,,7.1,5+7.2,9.3,9,,7.1,8.7658428,1.6658428
14,Ocotea corymbosa (Meisn.) Mez,2,2724,9,,13.3,13.9,14,14.6,,13.3,13.9,0.6
14,Eugenia myrcianthes Nied.,2,2725,8,,9.5,9.8,11,11.4,,9.5,9.8,0.3
14,Pera glabrata (Schott) Poepp. ex Baill.,2,2726,9,,11.5,12.2,12.8,13.5,,11.5,12.2,0.7
14,Ocotea corymbosa (Meisn.) Mez,2,2727,10,,11.9,12.2,13,13.3,,11.9,12.2,0.3
14,Tapirira guianensis Aubl.,2,2728,11,,13.6,14.8,18.7,19.8,,13.6,14.8,1.2
14,Vochysia tucanorum Mart.,2,2729,9,,11.8,12,15.5,16,,11.8,12,0.2
14,Ocotea velloziana (Meisn.) Mez,2,2730,8,,11,12.1,12.5,12.9,,11,12.1,1.1
14,Myrcia splendens (Sw.) DC.,2,2731,8,,11.3,11,12.1,11.9,,11.3,11,-0.3
14,Syagrus romanzoffiana (Cham.) Glassman,2,2732,4,,11.6,11.9,14.2,15,,11.6,11.9,0.3
14,Moquiniastrum polymorphum (Less.) G. Sancho,2,2733,8,,11.9,11,13,13.2,,11.9,11,-0.9
14,Eugenia myrcianthes Nied.,2,2734,7,,13,12.9,12.5,12.2,,13,12.9,-0.1
14,Tapirira guianensis Aubl.,2,2735,2.6,,1.3+1.1,1.5,2.4,2.3,,1.702938637,1.5,-0.202938637
14,Ocotea minarum (Nees & Mart.) Mez,2,2736,3,,1.6,1.7,1.9,2,,1.6,1.7,0.1
14,Casearia sylvestris Sw.,3,2737,8,,9.3+10.5,10.5+9.5,11+11.7,11.7+11.8,,14.02640367,14.15980226,0.133398585
14,Vochysia tucanorum Mart.,3,2738,9,,13,12.8,16.3,15.4,,13,12.8,-0.2
14,Vochysia tucanorum Mart.,3,2739,14,,41.8,41,46.5,47,,41.8,41,-0.8
14,Ocotea velloziana (Meisn.) Mez,3,2740,12,,24.1,26,26.1,26.6,,24.1,26,1.9
14,Ocotea velloziana (Meisn.) Mez,3,2741,12,,8.9,10.1,9,10.4,,8.9,10.1,1.2
14,Moquiniastrum polymorphum (Less.) G. Sancho,3,2742,3,,2,1.9,2.2,2.2,,2,1.9,-0.1
14,Handroanthus ochraceus (Cham.) Mattos,3,2743,4,,3.7,4.9,5.1,6,,3.7,4.9,1.2
14,Ocotea minarum (Nees & Mart.) Mez,3,2744,9,,14,15.8,15.8,17.4,,14,15.8,1.8
14,Psidium guajava L.,3,2745,4,m,5.3,m,5.3,m,m,5.3,,#VALUE!
14,Vochysia tucanorum Mart.,3,2746,6,,6.2,6.3,7.9,8.1,,6.2,6.3,0.1
14,Lithrea molleoides (Vell.) Engl.,3,2747,5,,5.3,5.1,5.3,5.3,,5.3,5.1,-0.2
14,Moquiniastrum polymorphum (Less.) G. Sancho,3,2810,4,,13.8,6,14,14.3,?,13.8,6,-7.8
14,Siparuna guianensis Aubl.,3,2829,3,,1.5,2.5,1.7,2.9,,1.5,2.5,1
14,Pera glabrata (Schott) Poepp. ex Baill.,3,2832,2.5,,1.6,1.7,2.5,3.5,,1.6,1.7,0.1
14,Ocotea minarum (Nees & Mart.) Mez,3,2833,2.5,,1.8,2.6,2.2,3.1,,1.8,2.6,0.8
14,Tapirira guianensis Aubl.,3,2834,6,,3,3.3,3.5,3.6,,3,3.3,0.3
14,Moquiniastrum polymorphum (Less.) G. Sancho,4,2748,6,,8.8,8.5+2.5+3.4,10.3,10.3,,8.8,9.489994731,0.689994731
14,Moquiniastrum polymorphum (Less.) G. Sancho,4,2749,9,,15.7,16.3,18.5,18.6,,15.7,16.3,0.6
14,Psidium guajava L.,4,2750,5,m,5.1,m,11.5,m,m,5.1,,#VALUE!
14,Moquiniastrum polymorphum (Less.) G. Sancho,4,2751,8,,6.7,6.6,9.1,8,,6.7,6.6,-0.1
14,Vochysia tucanorum Mart.,4,2752,12,,11.2,13.1,12.1,14,?,11.2,13.1,1.9
14,Pera glabrata (Schott) Poepp. ex Baill.,4,2753,12,,14.4+9.5+17+10.9+14.7+11.5+20+19.7+11.4+17+7.7,14.5+11.6+11+18.8+3.7+13.8+9.1+19+17.1+7.5+3.5+20,20+71.2+9.2,19.5+9.3+71.2,,48.16741637,47.20275416,-0.964662216
14,Myrcia splendens (Sw.) DC.,4,2754,5,,7.1,7.4,7.4,7.7,,7.1,7.4,0.3
14,Moquiniastrum polymorphum (Less.) G. Sancho,4,2756,10,,18.4,18.8,21,21.4,,18.4,18.8,0.4
14,Moquiniastrum polymorphum (Less.) G. Sancho,4,2757,12,,31+9.7,31.3+10.3,29.4+11,29.9+11.1,DAP AT 0.95,32.48214894,32.951176,0.46902706
14,Tapirira guianensis Aubl.,4,2758,4.5,,1.9,2.3,2.3,2.7,,1.9,2.3,0.4
14,Miconia ligustroides (DC.) Naudin,4,2759,2.6,,1.7+1,2+1.5,3.7,4.3,,1.972308292,2.5,0.527691708
14,Ocotea minarum (Nees & Mart.) Mez,4,2760,2.2,,1.6,2.8,2.3,3,,1.6,2.8,1.2
14,Myrsine umbellata Mart.,4,2761,2.5,m,1,m,1.2,m,m,1,,#VALUE!
14,Ocotea corymbosa (Meisn.) Mez,5,2762,12,,14,15.7,15.5,17.5,,14,15.7,1.7
14,Myrcia tomentosa (Aubl.) DC.,5,2763,9,,16.4,17,21.4,20.9,?,16.4,17,0.6
14,Tapirira guianensis Aubl.,5,2764,8,,5,6.9,5.5,7.3,,5,6.9,1.9
14,Vochysia tucanorum Mart.,5,2765,9,,8,9.7,9,11.2,,8,9.7,1.7
14,Moquiniastrum polymorphum (Less.) G. Sancho,5,2766,8,,8.4,9.7,9.3,10.4,,8.4,9.7,1.3
14,Leptolobium elegans Vogel,5,2767,8,,15.5,14.7,17.5,15.2,,15.5,14.7,-0.8
14,Moquiniastrum polymorphum (Less.) G. Sancho,5,2768,7,,8,10.1,9.7,10.5,,8,10.1,2.1
14,Ocotea minarum (Nees & Mart.) Mez,5,2769,8,1.67,6.3,0.7,6.6,6.7,,6.3,0.7,-5.6
14,Vochysia tucanorum Mart.,5,2770,4,,3.2,6.2,4,6.5,,3.2,6.2,3
14,Moquiniastrum polymorphum (Less.) G. Sancho,5,2771,9,,9.4,11.1,12.6,14.2,,9.4,11.1,1.7
14,Protium heptaphyllum (Aubl.) Marchand,5,2772,4.5,0.95,2.2,0,2.7,0.62,,2.2,0,-2.2
14,Cupania vernalis Cambess.,5,2773,2.1,,1,1.3,1.2,1.9,,1,1.3,0.3
14,Cupania vernalis Cambess.,5,2774,3.5,,1.5,1.9,1.8,2.3,,1.5,1.9,0.4
14,Alibertia edulis (Rich.) A.Rich.,5,2775,2.3,,1.1,1.8,2,2.8,,1.1,1.8,0.7
14,Myrcia splendens (Sw.) DC.,5,2776,7,,15.1,16,15.6,15.4,,15.1,16,0.9
14,Myrsine umbellata Mart.,5,2777,3,,1.3,2,1.5,2.4,,1.3,2,0.7
14,Pera glabrata (Schott) Poepp. ex Baill.,5,2859,8,,8.8,10.1,9.3,10.2,,8.8,10.1,1.3
14,Ocotea corymbosa (Meisn.) Mez,6,2778,11,,13.9,14.6,15.6,15.8,,13.9,14.6,0.7
14,Protium heptaphyllum (Aubl.) Marchand,6,2779,13,,23,25.3,27.2,28.2,?,23,25.3,2.3
14,Pera glabrata (Schott) Poepp. ex Baill.,6,2780,9,,8.2,8.8,9.5,10.4,,8.2,8.8,0.6
14,Ocotea corymbosa (Meisn.) Mez,6,2781,10,,15.4,15.1,16.4,17,,15.4,15.1,-0.3
14,Moquiniastrum polymorphum (Less.) G. Sancho,6,2782,9,,10.3,11.2,11,11.8,,10.3,11.2,0.9
14,Moquiniastrum polymorphum (Less.) G. Sancho,6,2783,8,,11.9,12.4,12.9,13.7,,11.9,12.4,0.5
14,Lithrea molleoides (Vell.) Engl.,6,2784,7,,6.4,6.5,6.8,6.7,,6.4,6.5,0.1
14,Ocotea corymbosa (Meisn.) Mez,6,2785,10,,5.8,6.7,5.7,6.7,,5.8,6.7,0.9
14,Pera glabrata (Schott) Poepp. ex Baill.,6,2786,9,,7.3,8.2,8,9.6,,7.3,8.2,0.9
14,Moquiniastrum polymorphum (Less.) G. Sancho,6,2787,7,,8,8.8,10.5,11.1,,8,8.8,0.8
14,Vochysia tucanorum Mart.,6,2788,8,,8.3,8.8,9.9,10.3,,8.3,8.8,0.5
14,Pera glabrata (Schott) Poepp. ex Baill.,6,2789,9,,11.5,12.2,13,14.2,,11.5,12.2,0.7
14,Leptolobium elegans Vogel,6,2790,2.8,1.36,4.5,0.8,9,6,,4.5,0.8,-3.7
14,Cupania vernalis Cambess.,6,2791,2.8,,1.3,1.7,1.8,1.9,,1.3,1.7,0.4
14,Eugenia myrcianthes Nied.,6,2792,7,,5.3+4.8,4.9+5.5,7.3,7.7,,7.150524456,7.366138744,0.215614288
14,Styrax camporum Pohl,6,2793,4,,3.9,4.1,5,5.1,,3.9,4.1,0.2
14,Leptolobium elegans Vogel,6,2794,8,,18.5,16,15.3,15.4,,18.5,16,-2.5
14,Moquiniastrum polymorphum (Less.) G. Sancho,7,2795,5,,6,5.9,7.5,7.5,,6,5.9,-0.1
14,Myrcia splendens (Sw.) DC.,7,2796,5,,7.8+8.7,8.2+7.3,10.5,10.2,,11.68460526,10.97861558,-0.705989679
14,Moquiniastrum polymorphum (Less.) G. Sancho,7,2797,10,,17.4,18.5,17.8,19.5,,17.4,18.5,1.1
14,Myrcia splendens (Sw.) DC.,7,2798,2.5,0.64,3.1,0,3.4,0.16,,3.1,0,-3.1
14,Moquiniastrum polymorphum (Less.) G. Sancho,7,2799,8,,16.6+7.5,18.7+2+8,21.3,21.3+9.5,,18.21565261,20.4374656,2.221812987
14,Moquiniastrum polymorphum (Less.) G. Sancho,7,2800,6,,17.6+11.1,15.5+13.2,19.3+10.2,19.1+12.5,,20.80793118,20.35902748,-0.448903699
14,Ouratea spectabilis (Mart.) Engl.,7,2801,3.5,,7.2+6.9,7+7,10.6,11.3,,9.972462083,9.899494937,-0.072967147
14,Moquiniastrum polymorphum (Less.) G. Sancho,7,2802,6,,8.1,8.7,9.7,10.3,,8.1,8.7,0.6
14,Moquiniastrum polymorphum (Less.) G. Sancho,8,2755,9,,16.3,1.6+3.5+2.2,21.4,2+4.2+3,?,16.3,4.432832052,-11.86716795
14,Pera glabrata (Schott) Poepp. ex Baill.,8,2803,9,,11,12.8,13.8,15.7,,11,12.8,1.8
14,Tapirira guianensis Aubl.,8,2804,10,,9.2,10.2,10.9,11.6,,9.2,10.2,1
14,Ocotea corymbosa (Meisn.) Mez,8,2806,13,,21.5,23.7,24.7,25.9,,21.5,23.7,2.2
14,Tapirira guianensis Aubl.,8,2807,9,,7.3,8.7,8.5,10.9,,7.3,8.7,1.4
14,Moquiniastrum polymorphum (Less.) G. Sancho,8,2808,5,,6.5,7.7,8.1,8.5,,6.5,7.7,1.2
14,Moquiniastrum polymorphum (Less.) G. Sancho,8,2809,10,,15.9,18.1,18.5,21,,15.9,18.1,2.2
14,Vochysia tucanorum Mart.,8,2811,10,,11.6,13.1,15.3,16.8,,11.6,13.1,1.5
14,Ocotea corymbosa (Meisn.) Mez,8,2812,10,,20.1,21.7,20,21.2,,20.1,21.7,1.6
14,Psidium guajava L.,8,2813,5,,3.9,3.9,5,4.6,,3.9,3.9,0
14,Myrcia splendens (Sw.) DC.,8,2814,4,,3.2,2.9,3.9,3.4,,3.2,2.9,-0.3
14,Terminalia glabrescens Mart.,8,2815,3.5,,1.3,2.7,2.2,3.7,,1.3,2.7,1.4
14,Miconia albicans (Sw.) Triana,8,2816,3,,1.5,2.5,2,3.4,,1.5,2.5,1
14,Ocotea minarum (Nees & Mart.) Mez,8,2817,2.7,,1.5,2.3,2,2.6,,1.5,2.3,0.8
14,Myrcia splendens (Sw.) DC.,8,2818,6,,5.7,5.6,6,5.7,,5.7,5.6,-0.1
14,Tapirira guianensis Aubl.,8,2819,5,,3.5,4.6,4.2,5,,3.5,4.6,1.1
14,Moquiniastrum polymorphum (Less.) G. Sancho,8,2820,4,,2,1.8+1.6,3.8,2.5,,2,2.408318916,0.408318916
14,Byrsonima intermedia A.Juss.,8,2860,4,0.67,4,0,5,0.55,,4,0,-4
14,Psidium guajava L.,8,2861,5,,3.6,3.7,4.9,4.4,,3.6,3.7,0.1
14,Ficus guaranitica Chodat,8,2862,3,,1.5,2.2,2.2,2.5,,1.5,2.2,0.7
14,Moquiniastrum polymorphum (Less.) G. Sancho,9,2821,5,,5.8,6.4,6,6.6,,5.8,6.4,0.6
14,Eugenia myrcianthes Nied.,9,2822,7,,7.9,8.2,9.2,9.3,,7.9,8.2,0.3
14,Syagrus romanzoffiana (Cham.) Glassman,9,2823,13,,22.5,22.2,27.3,27.6,DA 37cm,22.5,22.2,-0.3
14,Cedrela fissilis Vell.,9,2824,7,,6.6,6.9,9.6,9.7,,6.6,6.9,0.3
14,Ficus guaranitica Chodat,9,2825,9,,16+12.4,12.4+16.2,28,27.5,,20.24252949,20.40098037,0.158450882
14,Moquiniastrum polymorphum (Less.) G. Sancho,9,2826,8,m,13.9,m,16,m,m,13.9,,#VALUE!
14,Casearia sylvestris Sw.,9,2827,10,,14.1,14.7,15.4,15.8,,14.1,14.7,0.6
14,Moquiniastrum polymorphum (Less.) G. Sancho,9,2828,6,,5.8,5.9+5.3+1.9,6.6,7.2,,5.8,8.155366331,2.355366331
14,Moquiniastrum polymorphum (Less.) G. Sancho,9,2830,4,,1.5+1.2,1.7+2.5,3.2,2.5,,1.920937271,3.023243292,1.10230602
14,Tapirira guianensis Aubl.,9,2831,5,,2.3,2.8,3,3.2,,2.3,2.8,0.5
14,Ocotea minarum (Nees & Mart.) Mez,9,2835,5,,3.3+3.1+4.4,3.8+3.7,6.4,6.8,,6.313477647,5.303772242,-1.009705405
14,Matayba elaeagnoides Radlk.,9,2836,5,,3,3,3.6,3.3,,3,3,0
14,Vochysia tucanorum Mart.,9,2837,7,,4.5,5.6,6,6.8,,4.5,5.6,1.1
14,Moquiniastrum polymorphum (Less.) G. Sancho,9,2838,6.5,,2.3,1.7+2.5,2.8,2.7,,2.3,3.023243292,0.723243292
14,Tapirira guianensis Aubl.,9,2839,4,,1.5,1.8+1.9,2,2.2+2.3,,1.5,2.617250466,1.117250466
14,Myrsine umbellata Mart.,9,2805,4,,1.9,2.6,2,3,,1.9,2.6,0.7
14,Tapirira guianensis Aubl.,10,2840,14,m,27.9,m,39.8,m,m,27.9,,#VALUE!
14,Cupania tenuivalvis Radlk.,10,2841,5,,8.5,9.1,9.1,9.7,,8.5,9.1,0.6
14,Moquiniastrum polymorphum (Less.) G. Sancho,10,2842,8,,13.1,14.2,14.8,16,,13.1,14.2,1.1
14,Eugenia myrcianthes Nied.,10,2843,9,,12.8,12.5,12.4,13.3,,12.8,12.5,-0.3
14,Tapirira guianensis Aubl.,10,2845,10,,10.2,12.4,11.5,13.6,,10.2,12.4,2.2
14,Tapirira guianensis Aubl.,10,2846,9,,6.4,7.1,7,7.1,,6.4,7.1,0.7
14,Eugenia myrcianthes Nied.,10,2847,6,,8.1,6.3,7.1,7.1,,8.1,6.3,-1.8
14,Eugenia myrcianthes Nied.,10,2848,4,,6.1,5.5,5.9,6,,6.1,5.5,-0.6
14,Pera glabrata (Schott) Poepp. ex Baill.,10,2849,10,,12.6,14,16.2,18.8,,12.6,14,1.4
14,Nectandra oppositifolia Nees,10,2850,10,,8.7,12.3,9.5,14,,8.7,12.3,3.6
14,Tapirira guianensis Aubl.,10,2851,12,,11.9,14.9,13.1,18,?,11.9,14.9,3
14,Pera glabrata (Schott) Poepp. ex Baill.,10,2852,9,,10.7,12.4,12.8,15.4,,10.7,12.4,1.7
14,Tapirira guianensis Aubl.,10,2853,7,m,6,m,6,m,m,6,,#VALUE!
14,Casearia sylvestris Sw.,10,2854,9,,13.2+5.5,13.5+6.1,14.8+5.2,14.6+5.5,,14.3,14.81418239,0.514182394
14,Moquiniastrum polymorphum (Less.) G. Sancho,10,2855,5,,4.8,4.5,5.3,5.3,,4.8,4.5,-0.3
14,Pera glabrata (Schott) Poepp. ex Baill.,10,2856,6,m,5,m,6.3,m,m,5,,#VALUE!
14,Myrcia splendens (Sw.) DC.,10,2857,4,m,6.5,m,7.2,m,m,6.5,,#VALUE!
14,Moquiniastrum polymorphum (Less.) G. Sancho,10,2858,3,m,1.8,m,2,m,m,1.8,,#VALUE!
14,Eugenia myrcianthes Nied.,10,2863,9,,9.2+11.4,12+9.4,18.6,18.6,,14.64923206,15.24335921,0.594127148
25,Dimorphandra mollis Benth.,1,7036,5,,6.5,2.4,7.4,3.4,,6.5,2.4,-4.1
25,Dimorphandra mollis Benth.,1,7037,5,m,5.9,m,7.4,m,morreu,5.9,,#VALUE!
25,Baccharis dracunculifolia DC.,1,7038,3,m,1.7+1.3+2+1.4+1.5,m,4.5,m,morreu,3.576310948,,#VALUE!
25,Baccharis dracunculifolia DC.,1,7039,3,m,1.7+1.5+1.4,m,2.8+2.4,m,morreu,2.664582519,,#VALUE!
25,Moquiniastrum polymorphum (Less.) G. Sancho,2,7040,4.5,,5.9,7+7+11.5+7,9.9,16.1,,5.9,16.71077497,10.81077497
25,Stryphnodendron rotundifolium Mart.,2,7041,3,,8.6+6.7,8.7+3.6+8.5+3.4,10.5,11.5,,10.90183471,13.13240267,2.230567966
25,Baccharis dracunculifolia DC.,2,7042,3.5,m,4.9+2.6+2+2.3+1.4,m,6.5,m,morreu,6.482283548,,#VALUE!
25,Hancornia speciosa Gomes,3,7043,3,1.35,5,0.1,10.5,11.3,,5,0.1,-4.9
25,Stryphnodendron rotundifolium Mart.,3,7044,2,,2.2+1.8+1.9,3.7+3.8+2.5,4.8,5.7,ggno TK,3.419064199,5.863446086,2.444381886
25,Baccharis dracunculifolia DC.,3,7045,2.8,m,1.5+1.5+1,m,3.9,m,morreu,2.34520788,,#VALUE!
25,Baccharis dracunculifolia DC.,3,7046,2.8,,1.1+1.2+1.5+1.1,2.1+1.8+1.5+1.6,3.1,4.9,,2.471841419,3.529872519,1.0580311
25,Baccharis dracunculifolia DC.,5,7047,3,m,1.6+2.3+1.6,m,4.3,m,morreu,3.226453161,,#VALUE!
25,Stryphnodendron rotundifolium Mart.,6,7048,3,,5.5,6.3,6.8,7.6,,5.5,6.3,0.8
25,Stryphnodendron rotundifolium Mart.,6,7049,2.8,,5.4,8,6.7,8.9,,5.4,8,2.6
25,Baccharis dracunculifolia DC.,6,7050,2.8,m,1+2.6+1.6,m,4.1,m,morreu,3.212475681,,#VALUE!
25,Stryphnodendron adstringens (Mart.) Coville,7,7051,3.5,,6+11.7,6.9+13,6.9+11.6,8.3+12.9,,13.1487642,14.71767645,1.568912247
25,Stryphnodendron rotundifolium Mart.,8,7052,4,,6.3,8.5,7.8,9.5,,6.3,8.5,2.2
25,Baccharis dracunculifolia DC.,8,7053,2.8,m,2.3+1.5+1.5+1.8+1.2,m,4.8,m,morreu,3.80394532,,#VALUE!
25,Stryphnodendron rotundifolium Mart.,8,7054,4,,5.2,6,8.8,8.9,,5.2,6,0.8
25,Stryphnodendron rotundifolium Mart.,9,7055,3.2,,9.4+7.2,10.2+7.8,12.6,12.8,,11.84060809,12.84056074,0.999952643
25,Stryphnodendron rotundifolium Mart.,9,7056,2.5,,4.7,6.5,6,7.6,,4.7,6.5,1.8
25,Leptolobium elegans Vogel,9,7057,2.5,,5.7,6.5,7.3,8.4,,5.7,6.5,0.8
25,Aegiphila verticillata Vell.,9,7058,2.5,1.6,2,0.7+0.7,3,3.6,,2,0.989949494,-1.010050506
25,Aegiphila verticillata Vell.,9,7059,3,,1.8+2.3,2,3.5,4,,2.920616373,2,-0.920616373
25,Leptolobium elegans Vogel,10,7060,3,,7.7+7,8.7+6.1,9.5,9.6,,10.40624812,10.62544117,0.219193044
25,Leptolobium elegans Vogel,10,7061,2,,5.8,6.0+4.3+2.2,7.4,7.9,,5.8,7.702596965,1.902596965
25,Leptolobium elegans Vogel,10,7062,3,,7.1,7.5,7.2,7.5,,7.1,7.5,0.4
25,Leptolobium elegans Vogel,10,7063,3,,6.5+5.5,4.8+7.34+5.7+2.7,8.9,9.3,,8.514693183,10.80257377,2.287880584
25,Leptolobium elegans Vogel,10,7064,2.8,,6.1+6.5+5,8.6+5.8,3.3+5.1,8.6+5.8,,10.2205675,10.37304198,0.152474485
25,Leptolobium elegans Vogel,10,7065,3.5,,8,8.2,8.4,8.7,,8,8.2,0.2
25,Leptolobium elegans Vogel,10,7066,1.6,1.13,2.9,0,7,6.9,,2.9,0,-2.9
25,Leptolobium elegans Vogel,10,7067,1.9,,2.7,4+3.4,6.3,6.8,,2.7,5.249761899,2.549761899
25,Baccharis dracunculifolia DC.,10,7068,2.8,,1.5+1.2+1.3,1+0.9,3,2.1,,2.319482701,1.345362405,-0.974120296
26,Stryphnodendron rotundifolium Mart.,1,7192,4,,6.9,7.8,8.3,9.2,,6.9,7.8,0.9
26,Moquiniastrum polymorphum (Less.) G. Sancho,1,7193,6,,9.5+7.4+7.5+9+7.6+8.8,9.8+4.7+9.7+8.3+10.4+7.7+7.6,18+14.1,17.4+15.2,,20.4318379,22.5015555,2.069717601
26,Moquiniastrum polymorphum (Less.) G. Sancho,1,7194,3,,2.1+2.5+1.9+1.6,3.5+1.7+2.0+2.1,5.5,5.8,,4.102438299,4.852834223,0.750395924
26,Moquiniastrum barrosoae (Cabrera) G. Sancho,1,7195,2.6,,1.6+1.4,3.3+3.0+1.9+1.4+1.4+1.5,2.3+2.2,.1+3.2+2.7,,2.126029163,5.447017533,3.32098837
26,Stryphnodendron rotundifolium Mart.,2,7196,3.2,m,8.2,m,10,m,morreu,8.2,,#VALUE!
26,Moquiniastrum polymorphum (Less.) G. Sancho,2,7197,4,,6.7+9.5+10.8,16.8+7.3+9.5+3.5+11.5,18,18.5,9.2,15.867577,23.88053601,8.012959003
26,Moquiniastrum polymorphum (Less.) G. Sancho,2,7198,6,,15.4+6.5+11+8.4+6.7,7.3+7.2+9.2+11.4+6,18.2+11.3+9.2,11.5+9.5+19.4,,22.7125516,18.86080592,-3.851745675
26,Moquiniastrum barrosoae (Cabrera) G. Sancho,2,7199,3,,2.9+2.1+2.5+2.3,4.6+3.3+2.7+2.9,3.4+3+3+3+2.2,3.7+3.7+2.7+2.2,,4.935585072,6.910137481,1.974552409
26,Annona crassiflora Mart.,2,7200,2,,1.5+1.2,4.3,5,6.3,,1.920937271,4.3,2.379062729
26,Aegiphila verticillata Vell.,3,7001,1.7,1.1,2.1,0,3.3,3.2,,2.1,0,-2.1
26,Campomanesia adamantium (Cambess.) O.Berg,3,7002,2,1.8,1.6,1.8,2.4,2.2+3.0+2,,1.6,1.8,0.2
26,Lippia origanoides Kunth,3,7003,2.8,m,1.2+1.3+1.1,m,3.5,m,morreu,2.083266666,,#VALUE!
26,Moquiniastrum polymorphum (Less.) G. Sancho,4,7004,7,,22.5,23.3,23.6,24.7,,22.5,23.3,0.8
26,Moquiniastrum polymorphum (Less.) G. Sancho,4,7005,5,,12.2+8+5,8+6.5+3.3+3.6,13.4,14.5+4.5,,15.42206212,11.4061387,-4.015923421
26,Moquiniastrum polymorphum (Less.) G. Sancho,4,7006,6,,16.4+7.5+11.4,17.5,16.9+8.1+12.2,18.5+12.1+8,,21.3347135,17.5,-3.834713497
26,Aegiphila verticillata Vell.,4,7007,3,,3,3.5,4.1,4.8,,3,3.5,0.5
26,Aegiphila verticillata Vell.,4,7008,2.9,,2,0.8,2.9,2.7,,2,0.8,-1.2
26,Moquiniastrum barrosoae (Cabrera) G. Sancho,4,7009,2.5,,1.7+1.3,1.1+1.7+1.6+1.5+1.9,2.3,4.2,,2.140093456,3.538361203,1.398267747
26,Annona crassiflora Mart.,4,7010,3,,4,5.9,5.9,7.5,,4,5.9,1.9
26,Aegiphila verticillata Vell.,4,7011,2.8,,1.8,2.1,3,3.9,,1.8,2.1,0.3
26,Moquiniastrum polymorphum (Less.) G. Sancho,5,7012,6,,15+8.9+18.5,8.9+15.3+20.0,18.5+19.1,18.5+20.9,,25.42557767,26.7076768,1.282099126
26,Moquiniastrum polymorphum (Less.) G. Sancho,5,7013,5,,10.5+13+8.2+12.5,8.7+12.7+10.9+11.2,28.6,18.2+19.6,,22.42186433,21.93695512,-0.484909208
26,Aegiphila verticillata Vell.,5,7014,3.5,,3.3+1.5,4.1,4.2,3.2,,3.624913792,4.1,0.475086208
26,Aegiphila verticillata Vell.,5,7015,2.8,,1.9,1.1+1.1,2.6,3,,1.9,1.555634919,-0.344365081
26,Aegiphila verticillata Vell.,5,7016,2,,1.5,2.5+2.7,3.9,5.3,,1.5,3.679673899,2.179673899
26,Moquiniastrum polymorphum (Less.) G. Sancho,6,7017,6,,11.3,11.6,15.3,15,,11.3,11.6,0.3
26,Moquiniastrum polymorphum (Less.) G. Sancho,6,7018,5,,10+8.3+9.2,14.9+8.3+9.8+8.4,19.4,18.9,,15.92262541,21.38924964,5.466624225
26,Moquiniastrum polymorphum (Less.) G. Sancho,7,7019,7,,22.5+11.1,13.8+5.7+25.9,24+16.9,6.2+19.7,,25.08904143,29.89548461,4.806443176
26,Moquiniastrum polymorphum (Less.) G. Sancho,7,7020,8,,7.7+23+15.2+7.8,24.6+14.5+7.7+7,31.4,33.4,,29.66765916,30.39243327,0.724774109
26,Aegiphila verticillata Vell.,7,7021,1.7,,1.2+1,2.3,2.3,3.2,,1.562049935,2.3,0.737950065
26,Moquiniastrum polymorphum (Less.) G. Sancho,8,7022,4,,7.8+6.6+6.6,8.4+6.4+3.5+3.8+6.4+4.2,10.5+9.5,10.9+5.7+11.4,,12.16388096,14.02889875,1.865017785
26,Moquiniastrum polymorphum (Less.) G. Sancho,8,7023,4,,9+6+6+9.1,9.4+3.9+5.7+5.5+8.8,11.5+13.9,13.5+10.8,,15.35610628,15.612495,0.256388719
26,Moquiniastrum polymorphum (Less.) G. Sancho,8,7024,4.5,,11.1+7.8,11.1+7.9,15.3,16.3,,13.56650287,13.6242431,0.057740233
26,Moquiniastrum polymorphum (Less.) G. Sancho,8,7025,4,,7.2,2.5+4.5+7.5,8,4.9+8.4+4.7,,7.2,9.096702699,1.896702699
26,Moquiniastrum polymorphum (Less.) G. Sancho,9,7026,4,,5.6,5.6,9.8,9.7,,5.6,5.6,0
26,Moquiniastrum polymorphum (Less.) G. Sancho,9,7027,4,,5.9,6+3.5,7.4,3.9+7.9,,5.9,6.946221995,1.046221995
26,Moquiniastrum polymorphum (Less.) G. Sancho,9,7028,4.5,,5.5+9.3+6+7.7+6+6.5,7.1+6.4+5.7+9.4+8.0+6.6,13.4+9.4+8.1,13.2+8.2+9.7,,17.03760547,17.88239358,0.84478811
26,Moquiniastrum polymorphum (Less.) G. Sancho,10,7029,5,,11.5+6.3+7.5+10.3+5.4,5.5+10.3+7.8+12+5+6.5,14.9+15.3,15.4+16.2,,19.06410239,20.20965116,1.145548768
26,Moquiniastrum polymorphum (Less.) G. Sancho,10,7030,4.5,,9.3+6.9,9+6.8,13.5,13.5,,11.58015544,11.28007092,-0.300084518
26,Moquiniastrum polymorphum (Less.) G. Sancho,10,7031,5,0.55,6.8,0,9.4,9.2,,6.8,0,-6.8
26,Moquiniastrum polymorphum (Less.) G. Sancho,10,7032,7,,15.1+8.6+12.7+16.8,15.9+12.5+14.8,24.1,24.8,,27.30384588,25.06192331,-2.241922573
26,Machaerium acutifolium Vogel,10,7033,6,,6.7,8.5+2.1+2.3,8.1,10.5,,6.7,9.052623929,2.352623929
26,Moquiniastrum barrosoae (Cabrera) G. Sancho,10,7034,2.5,,1.3+1.1,1.6+1.2+1.5,2.2+1.8,2.5+2.5+2.7,,1.702938637,2.5,0.797061363
26,Aegiphila verticillata Vell.,10,7035,2.5,m,2.3,m,3.5,m,morreu,2.3,,#VALUE!
,,,,,,,,,,,,,
,,,,,,,,,,,,,
