OID,Individual,Old individual,Code,Number,Species,Fresh Length,Fresh Diameter,Type,Outer diameter,Wood diameter,Twig bark thickness,Relative bark thickness,Water displaced (g),Tweezer volume,Volume (mL),Dry mass (g),Density (g/mL),Latex,Comment,
1,MIAL1,,MIAL,1,Miconia albicans,8.62,5.1,C,6.27,4.51,0.88,0.140350877,,0.016,0.13811058,0.084,0.608208294,,,
2,ERSU1,,ERSU,1,Erythroxylem suberosum,5.5,5.1,C,11.63,4.75,3.44,0.295786758,,0.016,0.0881216,0.052,0.590093692,,,
3,Omit,DUFU1,DUFU,1,Duguetia furfuracea,5.01,5.1,C,6.62,3.89,1.365,0.206193353,,0.016,0.080270766,0.038,0.473397749,,[Duplicate of DUFU1; omitted in preference for the twig wood density - sf 082317],
4,STRO7,T2,STRO,7,Stryphnodendron rotundifolium,20.61,5.1,C,8.99,6.21,1.39,0.15461624,,0.016,0.330215666,0.134,0.405795405,,,
5,MYFA6,T4,MYFA,6,Myrica fallax,12,5.1,C,5.55,3.55,1,0.18018018,,0.016,0.192265308,0.095,0.494108901,,,
6,VOTU6,T3,VOTU,6,Vochysia tucanorum,26.81,5.1,C,7.19,5.66,0.765,0.106397775,,0.016,0.429552742,0.15,0.349200425,,,
7,GOPO6,T1,GOPO,6,Gochnatia polymorpha,50.05,5.1,C,8.99,6.21,1.39,0.15461624,,0.016,0.801906555,0.46,0.573632921,,,
8,JACA1,JACAR1-1,JACA,1,Jacaranda caroba,NA,NA,T,4.76,3.96,0.4,0.084033613,0.915,0.016,0.899,0.523,0.581757508,,,
9,ERCU3,,ERCU,3,Erythroxylem cuneifolium,NA,NA,T,5.95,4.64,0.655,0.110084034,0.877,0.016,0.861,0.743,0.862950058,,,
10,JACA2,JACAR1-2,JACA,2,Jacaranda caroba,NA,NA,T,10.33,9.03,0.65,0.062923524,2.905,0.016,2.889,1.339,0.463482174,,,
11,MAAC3,,MAAC,3,Machaerium acutifolium,11.96,5.1,C,7.61,6.1,0.755,0.099211564,0.2,0.016,0.24432114,0.147,0.601667133,,,
12,MYFA1,,MYFA,1,Myrcia fallax,11.67,5.15,C,4.75,3.59,0.58,0.122105263,0.175,0.016,0.24309433,0.137,0.563567238,,,
13,MAAC4,,MAAC,4,Machaerium acutifolium,26.4,5.1,C,5.37,3.52,0.925,0.172253259,0.495,0.016,0.539304189,0.384,0.712028588,,,
14,STRO3,,STRO,3,Stryphnodendron rotundifolium,24.52,5.16,C,5.91,3.66,1.125,0.19035533,0.483,0.016,0.512754386,0.204,0.397851302,,,
15,TACA5,,TACA,5,Tabernaemontana catherinensis,59,5.1,C,6.34,5.01,0.665,0.10488959,1.132,0.016,1.20526315,0.683,0.566681227,,,
16,STRO4,,STRO,4,Stryphnodendron rotundifolium,40,5.1,C,5.44,3.68,0.88,0.161764706,0.804,0.016,0.817127559,0.306,0.374482535,,,
17,OCCO3,,OCCO,3,Ocotea corymbosa,34.79,5.1,C,6.37,4.83,0.77,0.120879121,0.683,0.016,0.710696694,0.39,0.548757301,,,
18,TAGU1,TAGU-A,TAGU,1,Tapirira guianensis,NA,NA,T,6.35,5.23,0.56,0.088188976,0.897,0.02,0.877,0.462,0.526795895,,,
19,LEEL5,,LEEL,5,Leptolobium elegans,NA,NA,T,11.81,5.69,3.06,0.259102456,0.632,0.02,0.612,0.462,0.754901961,,,
20,MYMU2,,MYMU,2,Myrcia multiflora,NA,NA,T,7.39,6.33,0.53,0.071718539,0.961,0.02,0.941,0.699,0.74282678,,,
21,MYFA3,MYFA4,MYFA,3,Myrcia fallax,NA,NA,T,11.93,8.62,1.655,0.138725901,1.68,0.02,1.66,0.86,0.518072289,,,
22,SCVI2,,SCVI,2,Schefflera vinosa,NA,NA,T,9.65,7.57,1.04,0.107772021,1.254,0.02,1.234,0.566,0.458670989,,,
23,OCPU3,,OCPU,3,Ocotea pulchella,NA,NA,T,9.63,7.91,0.86,0.089304258,1.408,0.02,1.388,0.874,0.629682997,,,
24,TAGU3,,TAGU,3,Tapirira guianensis,NA,NA,T,7.72,6.96,0.38,0.049222798,0.787,0.02,0.767,0.465,0.606258149,,,
25,MYLI1,,MYLI,1,Myrcia lingua,NA,NA,T,8.18,3.66,2.26,0.276283619,0.416,0.02,0.396,0.213,0.537878788,,,
26,MYLI3,,MYLI,3,Myrcia lingua,NA,NA,T,12.06,8.14,1.96,0.16252073,0.795,0.02,0.775,0.385,0.496774194,,,
27,MYMU1,,MYMU,1,Myrcia multiflora,NA,NA,T,10.3,9.09,0.605,0.058737864,1.649,0.02,1.629,0.945,0.580110497,,,
28,RAFE1,MYFE2,RAFE,1,Myrcine ferrugeneus,NA,NA,T,6.73,5.12,0.805,0.11961367,0.73,0.02,0.71,0.402,0.566197183,,,
29,OCPU2,,OCPU,2,Ocotea pulchella,NA,NA,T,12.54,10.31,1.115,0.08891547,2.374,0.02,2.354,1.521,0.64613424,,,
30,MYLI2,,MYLI,2,Myrcia lingua,NA,NA,T,7.55,5.43,1.06,0.140397351,0.631,0.02,0.611,0.334,0.546644845,,,
31,TAGU3,TAGU-C,TAGU,3,Tapirira guianensis,NA,NA,T,9.22,7.57,0.825,0.089479393,1.055,0.02,1.035,0.618,0.597101449,,,
32,AEVE4,AEVE-A,AEVE,4,Aegiphila verticillata,NA,NA,T,5.45,4.36,0.545,0.1,0.75,0.02,0.73,0.242,0.331506849,,,
33,OCCO6,OCCO-C,OCCO,6,Ocotea corymbosa,NA,NA,T,9.17,7.49,0.84,0.091603053,1.378,0.02,1.358,0.793,0.583946981,,,
34,MYFA2,MYFA-A,MYFA,2,Myrcia fallax,NA,NA,T,9.66,7.4,1.13,0.116977226,1.532,0.02,1.512,0.765,0.505952381,,,
35,RAUM2,RAUM-B,RAUM,2,Rapanea umbellata,NA,NA,T,8.77,6.73,1.02,0.116305587,0.623,0.02,0.603,0.464,0.769485904,,,
36,RAUM1,RAUM-A,RAUM,1,Rapanea umbellata,NA,NA,T,7.39,6.19,0.6,0.081190798,0.7,0.02,0.68,0.447,0.657352941,,,
37,ZEMO1,ZEMO-A,ZEMO,1,Zeyheria montana,NA,NA,T,8.4,5.6,1.4,0.166666667,0.943,0.02,0.923,0.422,0.457204767,,,
38,MAEL3,MAEL-A,MAEL,3,Matayba elegans,NA,NA,T,10.26,8.35,0.955,0.093079922,1.15,0.02,1.13,0.529,0.468141593,,,
39,CALU1,CALU-A,CALU,1,Calyptranthes lucida,NA,NA,T,8.24,5.91,1.165,0.141383495,1.021,0.02,1.001,0.729,0.728271728,,,
40,MILI3,,MILI,3,Miconia lugustroides,NA,NA,T,9.83,7.28,1.275,0.129704985,0.586,0.02,0.566,0.372,0.657243816,,,
41,PLPO1,PLPO-A,PLPO,1,Plenckia populnea,NA,NA,T,7.06,4.78,1.14,0.161473088,0.894,0.02,0.874,0.518,0.592677346,,,
42,ANCR5,ANCR-A,ANCR,5,Annona crassiflora,NA,NA,T,8.24,4.65,1.795,0.217839806,0.955,0.02,0.935,0.301,0.321925134,,,
43,VOTU4,VOTU-A,VOTU,4,Vochysia tucanorum,NA,NA,T,6.61,5.2,0.705,0.106656581,0.525,0.02,0.505,0.243,0.481188119,,,
44,RAFE2,RAFE-A,RAFE,2,Rapanea ferrugeneus,NA,NA,T,8.31,6.28,1.015,0.122141998,1.575,0.02,1.555,1.002,0.64437299,,,
45,PLPO2,PLPO-B,PLPO,2,Plenckia populnea,NA,NA,T,7.68,5.06,1.31,0.170572917,0.703,0.02,0.683,0.414,0.606149341,,,
46,RAUM3,,RAUM,3,Rapanea umbellata,NA,NA,T,7.9,6.6,0.65,0.082278481,1.076,0.02,1.056,0.728,0.689393939,,,
47,OUSP6,OUSP-C,OUSP,6,Ouratea spectabilis,NA,NA,T,7.13,4.58,1.275,0.178821879,0.408,0.02,0.388,0.229,0.590206186,,,
48,VOTU3,,VOTU,3,Vochysia tucanorum,NA,NA,T,6.11,4.98,0.565,0.092471358,0.92,0.02,0.9,0.642,0.713333333,,,
49,SCVI1,SCVI-A,SCVI,1,Schefflera vinosa,NA,NA,T,7.05,5.28,0.885,0.125531915,0.534,0.02,0.514,0.178,0.346303502,,,
50,CAAD2,CAAD-A,CAAD,2,Camponomesia adamatium,NA,NA,T,6.62,4.77,0.925,0.139728097,0.586,0.02,0.566,0.426,0.752650177,,,
51,LEEL3,LEEL-B,LEEL,3,Leptolobium elegans,NA,NA,T,14.18,5.1,4.54,0.320169252,0.52,0.02,0.5,0.303,0.606,,,
52,OUSP3,OUSP-A,OUSP,3,Ouratea spectabilis,NA,NA,T,8.93,5.01,1.96,0.219484882,0.278,0.02,0.258,0.126,0.488372093,,,
53,COLA1,,COLA,1,Copaifera langsdorfii,NA,NA,T,8.85,7.22,0.815,0.092090395,1.1,0.02,1.08,0.471,0.436111111,,,
54,RALA1,RALI-A,RALA,1,Rapanea lancifolia,NA,NA,T,7.82,6.6,0.61,0.078005115,0.714,0.02,0.694,0.54,0.778097983,,,
55,MYLI4,,MYLI,4,Myrcia lingua,NA,NA,T,12.44,8.08,2.18,0.175241158,0.575,0.02,0.555,0.278,0.500900901,,,
56,OUSP4,OUSP-B,OUSP,4,Ouratea spectabilis,NA,NA,T,19.15,10.08,4.535,0.236814621,1.27,0.02,1.25,0.874,0.6992,,,
57,ERCU4,,ERCU,4,Erythroxylem cuneifolium,NA,NA,T,8.7,6.2,1.25,0.143678161,0.312,0.02,0.292,0.232,0.794520548,,,
58,OCPU1,,OCPU,1,Ocotea pulchella,NA,NA,T,9.88,8.2,0.84,0.085020243,1.312,0.02,1.292,0.972,0.752321981,,,
59,LEEL2,LEEL-A,LEEL,2,Leptolobium elegans,NA,NA,T,10.69,4.55,3.07,0.287184284,0.373,0.02,0.353,0.268,0.759206799,,,
60,MILI2,MILI-B,MILI,2,Miconia lugustroides,NA,NA,T,10.74,7.05,1.845,0.171787709,1.024,0.02,1.004,0.632,0.629482072,,,
61,MILI1,MILI-A,MILI,1,Miconia lugustroides,NA,NA,T,11.81,9.52,1.145,0.096951736,1.342,0.02,1.322,0.862,0.65204236,,,
62,BYBA1,BYBA-A,BYBA,1,Byrsonima basiloba,NA,NA,T,6.29,3.75,1.27,0.20190779,0.277,0.02,0.257,0.126,0.490272374,,,
63,OCPU4,OCPU-A,OCPU,4,Ocotea pulchella,NA,NA,T,7.77,6.52,0.625,0.08043758,1.128,0.02,1.108,0.698,0.629963899,,,
64,LEEL4,LEEL-C,LEEL,4,Leptolobium elegans,NA,NA,T,10.15,4.34,2.905,0.286206897,0.33,0.02,0.31,0.218,0.703225806,,,
65,OCCO5,OCCO-B,OCCO,5,Ocotea corymbosa,NA,NA,T,7.63,5.44,1.095,0.143512451,0.675,0.02,0.655,0.411,0.627480916,,,
66,TAGU2,TAGU-B,TAGU,2,Tapirira guianensis,NA,NA,T,8.81,6.63,1.09,0.123723042,1.035,0.02,1.015,0.501,0.493596059,,,
67,OCCO4,OCCO-A,OCCO,4,Ocotea corymbosa,NA,NA,T,9.39,7.96,0.715,0.076144835,0.99,0.02,0.97,0.547,0.563917526,,,
68,MAAC5,MAAC-A,MAAC,5,Macharium acutifolium,NA,NA,T,5.88,4.46,0.71,0.120748299,0.438,0.02,0.418,0.194,0.464114833,,,
69,GOPO2,GOPO-A,GOPO,2,Gochnesia polymorpha,NA,NA,T,8.82,5.97,1.425,0.161564626,0.721,0.02,0.701,0.444,0.633380884,,,
70,CABR3,,CABR,3,Caryocar brasiliense,NA,NA,T,13.27,9.02,2.125,0.160135644,1.055,0.02,1.035,0.555,0.536231884,,,
71,STFE1,,STFE,1,Styrax ferrugeneus,NA,NA,T,6.97,5.17,0.9,0.129124821,0.818,0.02,0.798,0.419,0.525062657,,,
72,DUFU1,,DUFU,1,Duguetia furfuracea,NA,NA,T,9.47,5.46,2.005,0.211721225,0.733,0.02,0.713,0.37,0.518934081,,,
73,MABR1,,MABR,1,Machaerium brasiliense,NA,NA,T,8.86,7.15,0.855,0.096501129,0.942,0.02,0.922,0.576,0.62472885,,,
74,Omit,MIAL1,MIAL,3,Miconia albicans,NA,NA,T,12.4,8.66,1.87,0.150806452,1.367,0.02,1.347,0.904,0.67112101,,Labeled MIAL1 -- not sure if same as above?,
75,GOBA1,,GOBA,1,Gochnetia barrosii,NA,NA,T,9.45,7.9,0.775,0.082010582,0.545,0.02,0.525,0.393,0.748571429,,,
76,VOTU1,,VOTU,1,Vochysia tucanorum,NA,NA,T,10.87,8.13,1.37,0.126034959,0.609,0.02,0.589,0.275,0.466893039,,,
77,DIBU1,,DIBU,1,Diospyros burchelli,NA,NA,T,13.07,8.1,2.485,0.190130069,1.548,0.02,1.528,0.701,0.458769634,,,
78,MAAC1,,MAAC,1,Macharium acutifolium,NA,NA,T,9.51,7,1.255,0.131966351,0.588,0.02,0.568,0.357,0.628521127,,,
79,AEVE1,,AEVE,1,Aegiphila verticillata,NA,NA,T,7.42,4.99,1.215,0.163746631,0.562,0.02,0.542,0.248,0.457564576,,,
80,STCA3,,STCA,3,Styrax camporum,NA,NA,T,8.64,7.08,0.78,0.090277778,0.711,0.02,0.691,0.407,0.589001447,,,
81,STCA1,,STCA,1,Styrax camporum,NA,NA,T,6.2,5.1,0.55,0.088709677,0.997,0.02,0.977,0.534,0.546571136,,,
82,DIBU3,,DIBU,3,Diospyros burchelli,NA,NA,T,6.47,3.44,1.515,0.234157651,0.434,0.02,0.414,0.161,0.388888889,,,
83,LEEL1,,LEEL,1,Leptolobium elegans,NA,NA,T,11.82,3.82,4,0.338409475,0.627,0.02,0.607,0.412,0.678747941,,,
84,DIMO3,,DIMO,3,Dimorphandra mollis,NA,NA,T,6.82,4.6,1.11,0.162756598,0.452,0.02,0.432,0.229,0.530092593,,,
85,ANDI1,Annona 2-1,ANDI,1,Annona dioica,NA,NA,T,8.1,5.51,1.295,0.159876543,0.748,0.02,0.728,0.265,0.364010989,,,
86,QUGR1,,QUGR,1,Qualea grandiflora,NA,NA,T,7.49,4.92,1.285,0.171562083,0.643,0.02,0.623,0.331,0.531300161,,,
87,STCA2,,STCA,2,Styrax camporum,NA,NA,T,8.46,7.13,0.665,0.078605201,1.142,0.02,1.122,0.589,0.524955437,,,
88,DIBU2,,DIBU,2,Diospyros burchelli,NA,NA,T,9.98,6.82,1.58,0.158316633,0.69,0.02,0.67,0.244,0.364179104,,,
89,TAOC1,,TAOC,1,Tabebuia ochracea,NA,NA,T,6.57,3.98,1.295,0.197108067,0.415,0.02,0.395,0.254,0.643037975,,,
90,ERCU1,ERSU1,ERSU,1,Erythroxylem cuneifolium,NA,NA,T,8.83,4.54,2.145,0.242921857,0.566,0.03,0.536,0.327,0.610074627,,"[relabeled from ERSU 1 to ERCU 1 (which otherwise is missing). Other ERSU1 is a core, which not possible from an ERCU - sf 082317]",
91,GOPO1,,GOPO,1,Gochnatia polymorpha,NA,NA,T,12.82,8.32,2.25,0.17550702,1.678,0.03,1.648,1.003,0.608616505,,,
92,CESE1,Unk 1-1,CESE,1,Cestrum sendtnerianum,NA,NA,T,6.88,5.7,0.59,0.085755814,0.79,0.03,0.76,0.531,0.698684211,,,
93,TAOC2,,TAOC,2,Tabebuia ochracea,NA,NA,T,7.18,4.16,1.51,0.210306407,0.481,0.03,0.451,0.293,0.649667406,,,
94,DIMO2,,DIMO,2,Dimorphandra mollis,NA,NA,T,9.21,6.7,1.255,0.136264929,0.49,0.03,0.46,0.245,0.532608696,,,
95,PEOB1,,PEOB,1,Pera obovata,NA,NA,T,9.16,7.74,0.71,0.077510917,0.788,0.03,0.758,0.425,0.560686016,,,
96,ANCR1,ANCR1,ANCR,1,Annona crassiflora,NA,NA,T,9.45,4.74,2.355,0.249206349,0.688,0.03,0.658,0.197,0.299392097,,,
97,STRO2,,STRO,2,Stryphnodendron rotundifolium,NA,NA,T,7.64,5.44,1.1,0.143979058,0.604,0.03,0.574,0.278,0.484320557,,,
98,CESE2,Unk 1-2,CESE,2,Cestrum sendtnerianum,NA,NA,T,6.34,5.2,0.57,0.089905363,0.755,0.03,0.725,0.419,0.577931034,,,
99,SOLY1,,SOLY,1,Solanum lycocarpum,NA,NA,T,6.94,5.14,0.9,0.129682997,0.568,0.03,0.538,0.22,0.408921933,,,
100,ANCR4,Annona 1-4,ANCR,4,Annona crassiflora,NA,NA,T,8.36,5.07,1.645,0.196770335,0.99,0.03,0.96,0.257,0.267708333,,,
101,MYTO1,,MYTO,1,Myrcia tomentosa,NA,NA,T,8.22,6.61,0.805,0.097931873,1.572,0.03,1.542,1.129,0.732166018,,,
102,KICO1,,KICO,1,Kielmera coriacea,NA,NA,T,7.75,4.42,1.665,0.21483871,0.604,0.03,0.574,0.273,0.475609756,,,
103,ERSU2,,ERSU,2,Erythroxylem suberosum,NA,NA,T,10.02,4.2,2.91,0.290419162,0.554,0.03,0.524,0.325,0.620229008,,,
104,OUSP1,,OUSP,1,Ouratea spectabilis,NA,NA,T,9.53,4.47,2.53,0.26547744,0.793,0.03,0.763,0.389,0.50982962,,,
105,ANCR3,Annona1-3,ANCR,3,Annona crassiflora,NA,NA,T,10.7,4.81,2.945,0.275233645,0.778,0.03,0.748,0.275,0.367647059,,,
106,ANCO2,Annona3-2,ANCO,2,Annona coriacea,NA,NA,T,6.08,3.7,1.19,0.195723684,0.387,0.03,0.357,0.127,0.355742297,,,
107,TOFO1,,TOFO,1,Tocoyema formosa,NA,NA,T,5.7,4.31,0.695,0.121929825,0.506,0.03,0.476,0.29,0.609243697,,,
108,DUFU2,,DUFU,2,Duguetia furfuracea,NA,NA,T,8.88,6.3,1.29,0.14527027,0.475,0.03,0.445,0.259,0.582022472,,,
109,STRO1,,STRO,1,Stryphnodendron rotundifolium,NA,NA,T,10.36,6.15,2.105,0.203185328,0.636,0.03,0.606,0.236,0.389438944,,,
110,ANCO1,Annona3-1,ANCO,1,Annona coriacea,NA,NA,T,8.49,5.1,1.695,0.199646643,0.468,0.03,0.438,0.173,0.394977169,,,
111,ERSU4,,ERSU,4,Erythroxylem suberosum,NA,NA,T,17.46,4.88,6.29,0.360252005,0.721,0.03,0.691,0.391,0.565846599,,,
112,BADR1,BADR?1,BADR,1,Baccharis dracunculifolia,NA,NA,T,7.1,5.86,0.62,0.087323944,0.628,0.03,0.598,0.387,0.647157191,,,
113,OCCO2,,OCCO,2,Ocotea corymbosa,NA,NA,C,7.7,6.15,0.775,0.100649351,0.54,0.03,0.51,0.359,0.703921569,,,
114,MAAC2,,MAAC,2,Machaerium acutifolium,NA,NA,C,8.6,5.67,1.465,0.170348837,0.351,0.03,0.321,0.252,0.785046729,,,
115,GOBA2,,GOBA,2,Gochnatia barrosii,NA,NA,T,6.34,4.66,0.84,0.132492114,0.995,0.03,0.965,0.744,0.770984456,,,
116,ERSU3,,ERSU,3,Erythroxylem suberosum,NA,NA,T,11.42,5.07,3.175,0.278021016,0.757,0.03,0.727,0.409,0.56258597,,,
117,ANCR6,Annona1-6,ANCR,6,Annona crassiflora,NA,NA,C,11.2,5.85,2.675,0.238839286,0.813,0.03,0.783,0.39,0.498084291,,,
118,PEOB2,,PEOB,2,Pera obovata,NA,NA,C,7.87,5.99,0.94,0.119440915,0.665,0.03,0.635,0.382,0.601574803,,,
119,RAFE3,MYFE1,RAFE,3,Myrcia fallax,NA,NA,T,6.31,4.89,0.71,0.11251981,0.462,0.03,0.432,0.243,0.5625,,,
120,VOTU2,,VOTU,2,Vochysia tucanorum,NA,NA,C,8.2,6.32,0.94,0.114634146,0.733,0.03,0.703,0.283,0.402560455,,,
121,ERSU5,,ERSU,5,Erythroxylem suberosum,NA,NA,C,9.42,5.08,2.17,0.230360934,0.495,0.03,0.465,0.309,0.664516129,,,
122,ZARH1,,ZARH,1,Zanthoxylem rhoifolia,NA,NA,T,6.15,5.03,0.56,0.091056911,0.89,0.03,0.86,0.466,0.541860465,,,
123,CAAD1,,CAAD,1,Camponomesia adamatium,NA,NA,T,6.23,4.9,0.665,0.106741573,0.726,0.03,0.696,0.512,0.735632184,,,
124,MAEL2,,MAEL,2,Matayba elegans,NA,NA,T,9.31,6.32,1.495,0.160580021,0.942,0.03,0.912,0.641,0.702850877,,,
125,STCA4,,STCA,4,Styrax camporum,NA,NA,T,7.61,6.47,0.57,0.074901445,0.748,0.03,0.718,0.356,0.495821727,,,
126,TACA1,,TACA,1,Tabernaemontana catherinensis,NA,NA,T,6.55,4.34,1.105,0.16870229,0.583,0.03,0.553,0.298,0.538878843,,,
127,RAFE6,MYFE2,RAFE,6,Myrcine ferrugeneus,NA,NA,T,5.63,4.52,0.555,0.098579041,0.405,0.03,0.375,0.238,0.634666667,,,
128,CASY1,,CASY,1,Casearia sylvestris,NA,NA,T,9.69,7.39,1.15,0.118679051,0.773,0.03,0.743,0.494,0.66487214,,,
129,OCCO1,,OCCO,1,Ocotea corymbosa,NA,NA,T,8.94,7.06,0.94,0.105145414,0.914,0.03,0.884,0.583,0.659502262,,,
130,MYTO2,,MYTO,2,Myrcia tomentosa,NA,NA,T,7.85,6.38,0.735,0.093630573,0.828,0.03,0.798,0.61,0.764411028,,,
131,ANDI2,Annona 2-2,ANDI,2,Annona dioica,NA,NA,T,9.24,6.98,1.13,0.122294372,0.778,0.03,0.748,0.214,0.286096257,,,
132,DUFU3,,DUFU,3,Duguetia furfuracea,NA,NA,T,5.99,3.97,1.01,0.168614357,0.6,0.03,0.57,0.394,0.69122807,,,
133,CABR1,,CABR,1,Caryocar brasiliense,NA,NA,T,6.46,5.54,0.46,0.07120743,0.521,0.03,0.491,0.274,0.558044807,,,
134,DIMO1,,DIMO,1,Dimorphandra mollis,NA,NA,T,9.92,6.88,1.52,0.153225806,0.685,0.03,0.655,0.251,0.383206107,,,
135,MAEL1,,MAEL,1,Matayba elegans,NA,NA,T,9.95,7.71,1.12,0.112562814,1.155,0.03,1.125,0.652,0.579555556,,,
136,ANCR2,Annona1-2,ANCR,2,Annona crassiflora,NA,NA,T,10.89,6.8,2.045,0.187786961,0.782,0.03,0.752,0.243,0.323138298,,,
137,TACA2,,TACA,2,Tabernaemontana catherinensis,NA,NA,T,6.91,5.47,0.72,0.104196816,0.461,0.03,0.431,0.276,0.64037123,,,
138,ERCU2,,ERCU,2,Erythroxylem cuneifolium,NA,NA,T,4.61,3.82,0.395,0.085683297,0.4,0.03,0.37,0.282,0.762162162,,,
139,MYTO4,MYRCIA1-1,MYTO,4,Myrcia tomentosa,NA,NA,C,7.03,5.08,0.975,0.138691323,0.529,0.03,0.499,0.435,0.871743487,,,
140,TACA4,,TACA,4,Tabernaemontana catherinensis,NA,NA,C,10.74,7.51,1.615,0.150372439,0.615,0.03,0.585,0.362,0.618803419,,,
141,OUSP2,,OUSP,2,Ouratea spectabilis,NA,NA,C,6.78,3.61,1.585,0.233775811,0.847,0.03,0.817,0.578,0.70746634,,,
142,QUGR2,,QUGR,2,Qualea grandiflora,NA,NA,C,9.22,6.85,1.185,0.128524946,0.703,0.03,0.673,0.48,0.713224368,,,
143,ANCR7,Annona1-7,ANCR,7,Annona crassiflora,NA,NA,C,9.63,5.81,1.91,0.198338525,1.248,0.03,1.218,0.643,0.527914614,,,
144,TACA3,,TACA,3,Tabernaemontana catherinensis,NA,NA,C,9.43,5.9,1.765,0.187168611,0.905,0.03,0.875,0.614,0.701714286,,,
145,CABR2,,CABR,2,Caryocar brasiliense,NA,NA,C,8.66,6.69,0.985,0.113741339,0.185,0.03,0.155,0.103,0.664516129,,,
146,PEOB3,,PEOB,3,Pera obovata,NA,NA,C,4.84,3.86,0.49,0.101239669,0.748,0.03,0.718,0.361,0.502785515,,,
147,AEVE3,,AEVE,3,Aegiphila verticillata,NA,NA,C,5.38,4.03,0.675,0.125464684,0.39,0.03,0.36,0.188,0.522222222,,,
148,MAEL4,,MAEL,4,Matayba elegans,NA,NA,T,9,6.93,1.035,0.115,0.612,0.026,0.586,0.451,0.769624573,,,
149,ROMO1,,ROMO,1,Roupala montana,NA,NA,T,8.89,6.33,1.28,0.143982002,0.86,0.026,0.834,0.534,0.64028777,,,
150,ANCO5,,ANCO,5,Annona coriacea,NA,NA,T,12.6,6.83,2.885,0.228968254,0.682,0.026,0.656,0.217,0.330792683,,,
151,ROMO2,,ROMO,2,Roupala montana,NA,NA,T,6.98,4.78,1.1,0.157593123,0.666,0.026,0.64,0.46,0.71875,,,
152,ALED1,,ALED,1,Alibertia edulis,NA,NA,T,8.19,7.09,0.55,0.067155067,0.611,0.026,0.585,0.52,0.888888889,,,
153,COSU2,,COSU,2,Connerus suberosum,NA,NA,T,8.57,5.59,1.49,0.17386231,0.662,0.026,0.636,0.292,0.459119497,,,
154,BARU2,,BARU,2,Bauhinia rufus,NA,NA,T,7.71,6.41,0.65,0.084306096,0.653,0.026,0.627,0.361,0.575757576,,,
155,COLA2,,COLA,2,Copaifera langsdorfii,NA,NA,T,7.91,6.38,0.765,0.096713021,1.331,0.026,1.305,0.695,0.53256705,,,
156,MAEL5,,MAEL,5,Matayba elegans,NA,NA,T,6.89,4.87,1.01,0.14658926,0.99,0.026,0.964,0.612,0.634854772,,,
157,DARA1,,DARA,1,Daphnopsis racemosa,NA,NA,T,7.35,5.81,0.77,0.104761905,0.792,0.026,0.766,0.298,0.389033943,,,
158,ZARH2,,ZARH,2,Zanthoxylem rhoifolia,NA,NA,T,4.78,3.06,0.86,0.179916318,0.326,0.026,0.3,0.172,0.573333333,,,
159,ROMO4,,ROMO,4,Roupala montana,NA,NA,T,8.81,6.43,1.19,0.13507378,0.718,0.026,0.692,0.469,0.677745665,,,
160,STAD1,,STAD,1,Stryphnodendron adstringens,NA,NA,T,8.69,4.81,1.94,0.223245109,0.379,0.026,0.353,0.177,0.501416431,,,
161,COSU1,,COSU,1,Connerus suberosum,NA,NA,T,10,5.59,2.205,0.2205,0.572,0.026,0.546,0.247,0.452380952,,,
162,BARU3,,BARU,3,Bauhinia rufus,NA,NA,T,6.67,4.36,1.155,0.173163418,0.611,0.026,0.585,0.363,0.620512821,,,
163,MYLI5,,MYLI,5,Myrcia lingua,NA,NA,T,11.8,5.95,2.925,0.247881356,0.406,0.026,0.38,0.197,0.518421053,,,
164,TEGL1,,TEGL,1,Terminalia glabrescens,NA,NA,T,7.72,5.95,0.885,0.114637306,0.818,0.026,0.792,0.491,0.619949495,,,
165,ROMO3,,ROMO,3,Roupala montana,NA,NA,T,8.89,6.55,1.17,0.131608549,0.569,0.026,0.543,0.326,0.600368324,,,
166,BARU1,,BARU,1,Bauhinia rufus,NA,NA,T,6.59,5.66,0.465,0.070561457,0.927,0.026,0.901,0.481,0.533851276,,"twig looks weird, like STRO? Brown and fuzzy, white pith",
167,ANCO4,,ANCO,4,Annona coriacea,NA,NA,T,7.11,3.47,1.82,0.255977496,0.458,0.026,0.432,0.159,0.368055556,,,
168,CASY3,,CASY,3,Casearia sylvestris,NA,NA,T,7.45,5.66,0.895,0.120134228,0.692,0.026,0.666,0.457,0.686186186,,,
169,ALED2,,ALED,2,Alibertia edulis,NA,NA,T,9.05,7.51,0.77,0.085082873,0.46,0.026,0.434,0.401,0.923963134,,,
170,PLPO5,,PLPO,5,Plenckia populnea,NA,NA,T,9.09,4.79,2.15,0.236523652,0.741,0.026,0.715,0.447,0.625174825,,,
171,LAHA1,,LAHA,1,Lacistema hasse,NA,NA,T,7.61,6.27,0.67,0.08804205,0.993,0.026,0.967,0.582,0.601861427,,,
172,PIRO1,,PIRO,1,Piptocarpha rotundifolia,NA,NA,T,6.69,5.51,0.59,0.08819133,0.427,0.026,0.401,0.171,0.426433915,,,
173,DIBU4,,DIBU,4,Diospyros burchelli,NA,NA,T,10.08,5.6,2.24,0.222222222,1.092,0.026,1.066,0.459,0.430581614,,,
174,STCA6,STCA5,STCA,6,Styrax camporum,NA,NA,T,9.15,7.48,0.835,0.091256831,1.442,0.026,1.416,0.871,0.615112994,,duplicate sample or second tree laveled STCA4? Renamed STCA6,
175,MILI5,,MILI,5,Miconia ligustroides,NA,NA,T,5.96,4.74,0.61,0.102348993,0.985,0.026,0.959,0.62,0.646506778,,,
176,QUGR3,,QUGR,3,Qualea grandiflora,NA,NA,T,8.8,6.59,1.105,0.125568182,1.082,0.026,1.056,0.513,0.485795455,,,
177,AMIN1,,AMIN,1,Alibertia edulis,NA,NA,T,5.74,4.7,0.52,0.090592334,0.52,0.026,0.494,0.354,0.71659919,,,
178,QUMU1,,QUMU,1,Qualea multiflora,NA,NA,T,8.06,5.6,1.23,0.152605459,0.955,0.026,0.929,0.573,0.61679225,,,
179,GOPO5,,GOPO,5,Gochnatia polymorpha,NA,NA,T,9.07,7.31,0.88,0.097023153,0.977,0.026,0.951,0.585,0.615141956,,,
180,AEVE5,,AEVE,5,Aegiphila verticillata,NA,NA,T,10.15,6.88,1.635,0.161083744,1.333,0.026,1.307,0.54,0.413159908,,,
181,RAGU2,,RAGU,2,Rapanea guianensis,NA,NA,T,7.34,4.66,1.34,0.182561308,0.745,0.026,0.719,0.313,0.435326843,,,
182,RAGU3,,RAGU,3,Rapanea guianensis,NA,NA,T,6.22,3.92,1.15,0.18488746,0.373,0.026,0.347,0.203,0.585014409,,,
183,POTO2,,POTO,2,Poulteria torta,NA,NA,T,8.36,4.97,1.695,0.202751196,0.528,0.026,0.502,0.31,0.61752988,Yes,,
184,PEWI1,Persea1,PEWI,1,Persea willdenovii,NA,NA,T,8.77,5.63,1.57,0.179019384,0.591,0.026,0.565,0.284,0.502654867,No,,
185,QUMU2,,QUMU,2,Qualea multiflora,NA,NA,T,9.47,7.04,1.215,0.128299894,0.848,0.026,0.822,0.464,0.564476886,No,,
186,KICO2,,KICO,2,Kielmera coriacea,NA,NA,T,9.29,5,2.145,0.230893434,0.407,0.026,0.381,0.136,0.356955381,Yes,,
187,KICO3,,KICO,3,Kielmera coriacea,NA,NA,T,6.17,3.34,1.415,0.229335494,0.389,0.026,0.363,0.18,0.495867769,Yes,,
188,AMIN4,FAMO2,AMIN,4,Faramea motevidensis,NA,NA,T,7.28,6.15,0.565,0.07760989,0.61,0.026,0.584,0.427,0.731164384,No,,
189,SCVI3,,SCVI,3,Schefflera vinosa,NA,NA,T,7.13,5.28,0.925,0.12973352,0.705,0.026,0.679,0.325,0.478645066,No,,
190,TOFO4,,TOFO,4,Tocoyena formosa,NA,NA,T,6.66,4.53,1.065,0.15990991,0.444,0.026,0.418,0.272,0.650717703,No,,
191,MYMU3,,MYMU,3,Myrcia multiflora,NA,NA,T,7.75,6.84,0.455,0.058709677,0.976,0.026,0.95,0.669,0.704210526,No,,
192,STFE4,,STFE,4,Styrax ferrugeneus,NA,NA,T,10.07,8.37,0.85,0.084409136,1.178,0.026,1.152,0.497,0.431423611,No,,
193,MYFA5,MYFA5,MYFA,5,Myrcia fallax,NA,NA,T,5.3,3.65,0.825,0.155660377,0.315,0.026,0.289,0.208,0.719723183,No,,
194,PLPO4,,PLPO,4,Plenckia populnea,NA,NA,T,8.9,7.02,0.94,0.105617978,0.563,0.026,0.537,0.345,0.642458101,No,,
195,SOLY5,SOLY4,SOLY,5,Solanum lycocarpum,NA,NA,T,11.76,9.63,1.065,0.090561224,1.298,0.026,1.272,0.64,0.503144654,No,,
196,STFE3,,STFE,3,Styrax ferrugeneus,NA,NA,T,12.76,10.62,1.07,0.083855799,1.434,0.026,1.408,0.72,0.511363636,No,,
197,BOVI1,,BOVI,1,Bowdichia virgilioides,NA,NA,T,8.09,4.53,1.78,0.220024722,0.582,0.026,0.556,0.302,0.543165468,No,,
198,POTO1,,POTO,1,Pouteria torta,NA,NA,T,8.92,5.71,1.605,0.179932735,0.564,0.026,0.538,0.267,0.496282528,Yes,,
199,SCVI4,,SCVI,4,Schefflera vinosa,NA,NA,T,10.44,7.67,1.385,0.132662835,0.974,0.026,0.948,0.436,0.459915612,No,,
200,ERCU5,,ERCU,5,Erythroxylem cuneifolium,NA,NA,T,4.29,3.09,0.6,0.13986014,0.397,0.026,0.371,0.318,0.857142857,No,,
201,OCPU5,,OCPU,5,Ocotea pulchella,NA,NA,T,12.23,10,1.115,0.091169256,1.604,0.026,1.578,0.933,0.591254753,No,,
202,CABR5,,CABR,5,Caryocar brasiliense,NA,NA,T,9.76,7.43,1.165,0.119364754,0.434,0.026,0.408,0.219,0.536764706,No,,
203,STPO4,STPO1,STPO ,4,Styrax pohlii,NA,NA,T,9.03,6.42,1.305,0.144518272,0.955,0.026,0.929,0.442,0.475780409,No,,
204,STFE2,,STFE,2,Styrax ferrugeneus,NA,NA,T,8.29,6.74,0.775,0.093486128,0.404,0.026,0.378,0.171,0.452380952,No,,
205,KICO4,,KICO,4,Kielmera coriacea,NA,NA,T,11.02,5.45,2.785,0.252722323,0.642,0.026,0.616,0.243,0.394480519,Yes,,
206,TOFO2,,TOFO,2,Tocoyena formosa,NA,NA,T,5.28,3.45,0.915,0.173295455,0.218,0.026,0.192,0.124,0.645833333,No,,
207,STFE6,STFE3,STFE,6,Styrax ferrugeneus,NA,NA,T,10,7.99,1.005,0.1005,1.212,0.026,1.186,0.496,0.418212479,No,[relabeled from duplicate - SF 082317],
208,OUSP5,,OUSP,5,Ouratea spectabilis,NA,NA,T,8.41,4.84,1.785,0.212247325,0.324,0.026,0.298,0.164,0.55033557,No,,
209,PRMY1,UNK 2-1,PRMY,1,Prunus myrtifolia,NA,NA,T,11.63,10.26,0.685,0.058899398,1.227,0.026,1.201,0.73,0.607826811,No,Labeled unk2-1 in field,
210,PLPO3,,PLPO,3,Plenckia populnea,NA,NA,T,9.21,5.88,1.665,0.180781759,0.383,0.026,0.357,0.24,0.672268908,No,,
211,AMIN3,FAMO1,AMIN,3,Faramea motevidensis,NA,NA,T,9.01,7.41,0.8,0.088790233,1.092,0.026,1.066,0.713,0.668855535,No,,
212,ANCO3,,ANCO,3,Annona coriacea,NA,NA,T,11.8,6.14,2.83,0.239830508,1.394,0.026,1.368,0.54,0.394736842,No,,
213,RAGU1,,RAGU,1,Rapanea guianensis,NA,NA,T,9.51,6.04,1.735,0.182439537,0.522,0.026,0.496,0.296,0.596774194,No,,
214,SOLY4,,SOLY,4,Solanum lycocarpum,NA,NA,T,8.35,6.51,0.92,0.110179641,0.566,0.026,0.54,0.31,0.574074074,No,,
215,MILI4,,MILI,4,Miconia ligustroides,NA,NA,T,9.08,6.5,1.29,0.142070485,0.854,0.026,0.828,0.517,0.624396135,No,,
216,SOLY2,,SOLY,2,Solanum lycocarpum,NA,NA,T,6.85,5.54,0.655,0.095620438,0.765,0.026,0.739,0.382,0.51691475,No,,
217,STFE5,,STFE,5,Styrax ferrugeneus,NA,NA,T,8.73,7.18,0.775,0.088774341,0.872,0.026,0.846,0.401,0.473995272,No,,
218,TOFO3,,TOFO,3,Tocoyena formosa,NA,NA,T,6.58,4.94,0.82,0.124620061,0.896,0.026,0.87,0.648,0.744827586,No,,
219,CABR4,,CABR,4,Caryocar brasiliense,NA,NA,T,8.3,6.75,0.775,0.093373494,0.282,0.026,0.256,0.168,0.65625,No,,
220,BARU4,Unk. Fab,BARU,4,Bauhinia rufus,NA,NA,T,7.45,5.15,1.15,0.154362416,0.945,0.026,0.919,0.662,0.720348205,No,,
221,SOLY3,,SOLY,3,Solanum lycocarpum,NA,NA,T,7.58,6.05,0.765,0.100923483,0.542,0.026,0.516,0.294,0.569767442,No,,
222,BOVI2,,BOVI,2,Bowdichia virgilioides,NA,NA,T,9.89,4.94,2.475,0.250252781,0.686,0.026,0.66,0.408,0.618181818,No,,
223,SIGU1,,SIGU,1,Siparuna guianensis,NA,NA,T,6.28,5.02,0.63,0.100318471,0.997,0.026,0.971,0.526,0.541709578,No,,
224,MYFA4,,MYFA,4,Myrcia fallax,NA,NA,T,5.97,4.17,0.9,0.150753769,0.491,0.026,0.465,0.278,0.597849462,No,,
225,PRHE1,,PRHE,1,Protium heptaphyllum,NA,NA,T,9.45,7.65,0.9,0.095238095,1.466,0.026,1.44,0.772,0.536111111,No,,
226,CASY2,,CASY,2,Casearia sylvestris,NA,NA,T,2.85,2.09,0.38,0.133333333,0.129,0.026,0.103,0.07,0.67961165,No,,
227,AMIN2,,AMIN,2,Amaioua intermedia,NA,NA,T,5.75,4.58,0.585,0.10173913,0.475,0.026,0.449,0.317,0.706013363,No,,
228,STRO5,,STRO,5,Stryphnodendron rotundifolium,NA,NA,T,8.22,6.22,1,0.121654501,0.384,0.022,0.362,0.185,0.511049724,No,,
229,CAAD4,,CAAD,4,Camponomesia adamatium,NA,NA,T,5.62,4.41,0.605,0.107651246,0.381,0.022,0.359,0.262,0.729805014,No,,
230,MABR4,,MABR,4,Machaerium brasiliense,NA,NA,T,6.25,4.76,0.745,0.1192,0.74,0.022,0.718,0.357,0.497214485,No,,
231,ZARH3,,ZARH,3,Zanthoxylem rhoifolia,NA,NA,T,7.48,6.04,0.72,0.096256684,0.441,0.022,0.419,0.235,0.560859189,No,,
232,LIMO2,,LIMO,2,Lithraea molloides,NA,NA,T,8.07,6.88,0.595,0.073729864,0.914,0.022,0.892,0.554,0.621076233,No,,
233,COLA4,,COLA,4,Copaifera langsdorfii,NA,NA,T,6.91,6.01,0.45,0.06512301,0.521,0.022,0.499,0.281,0.563126253,No,,
234,LIMO3,,LIMO,3,Lithraea molloides,NA,NA,T,7.02,5.69,0.665,0.094729345,0.884,0.022,0.862,0.508,0.589327146,,,
235,ANCO6,,ANCO,6,Annona coriacea,NA,NA,T,8.21,3.91,2.15,0.261875761,0.688,0.022,0.666,0.369,0.554054054,,,
236,TEGL4,,TEGL,4,Terminalia glabrescens,NA,NA,T,7.93,6.28,0.825,0.104035309,0.72,0.022,0.698,0.501,0.717765043,,,
237,LIMO1,,LIMO,1,Lithraea molloides,NA,NA,T,12.73,11.22,0.755,0.05930872,1.774,0.022,1.752,1.058,0.603881279,,,
238,TEGL3,,TEGL,3,Terminalia glabrescens,NA,NA,T,5.92,4.67,0.625,0.105574324,0.865,0.022,0.843,0.578,0.685646501,,,
239,TEGL2,,TEGL,2,Terminalia glabrescens,NA,NA,T,6.45,5.14,0.655,0.101550388,0.496,0.022,0.474,0.36,0.759493671,,,
240,CHMA2,,CHMA,2,Chrysophyllum marginatum,NA,NA,T,3.38,3.09,0.145,0.042899408,0.332,0.022,0.31,0.239,0.770967742,,,
241,ZEMO3,,ZEMO,3,Zeyheria montana,NA,NA,T,8.45,4.73,1.86,0.220118343,1.002,0.022,0.98,0.482,0.491836735,,,
242,CHMA3,,CHMA,3,Chrysophyllum marginatum,NA,NA,T,8.32,7.13,0.595,0.071514423,0.823,0.022,0.801,0.495,0.617977528,,,
243,CHMA1,,CHMA,1,Chrysophyllum marginatum,NA,NA,T,5.59,4.6,0.495,0.088550984,0.473,0.022,0.451,0.337,0.747228381,,,
244,SCVI5,,SCVI,5,Schefflera vinosa,NA,NA,T,9.95,6.51,1.72,0.172864322,1.19,0.022,1.168,0.525,0.449486301,,,
245,ZEMO2,,ZEMO,2,Zeyheria montana,NA,NA,T,9.01,4.56,2.225,0.246947836,0.528,0.022,0.506,0.276,0.545454545,,,
246,LAHA2,,LAHA,2,Lacistema hasse,NA,NA,T,7.22,5.96,0.63,0.087257618,1.83,0.022,1.808,0.92,0.508849558,,,
247,COLA3,,COLA,3,Copaifera langsdorfii,NA,NA,T,5.99,4.78,0.605,0.101001669,0.556,0.022,0.534,0.292,0.546816479,,,
248,MABR3,,MABR,3,Machaerium brasiliense,NA,NA,T,8.7,6.81,0.945,0.10862069,1.088,0.022,1.066,0.646,0.606003752,,,
249,RAGU4,,RAGU,4,Rapanea guianensis,NA,NA,T,9.3,5.64,1.83,0.196774194,0.52,0.022,0.498,0.15,0.301204819,,,
250,QUCO1,,QUCO,1,Qualea cordata,NA,NA,T,13.47,9.73,1.87,0.138827023,1.496,0.022,1.474,0.935,0.634328358,,,
251,GOPO4,,GOPO,4,Gochnatia polymorpha,NA,NA,T,8.23,6.67,0.78,0.094775213,0.6,0.022,0.578,0.388,0.671280277,,,
252,DIBU5,,DIBU,5,Diospyros burchelli,NA,NA,T,9.06,5.53,1.765,0.194812362,0.866,0.022,0.844,0.381,0.451421801,,,
253,GOPO3,,GOPO,3,Gochnatia polymorpha,NA,NA,T,10.43,8.57,0.93,0.089165868,0.884,0.022,0.862,0.524,0.607888631,,,
254,CAAD5,,CAAD,5,Camponomesia adamatium,NA,NA,T,7.68,6.23,0.725,0.094401042,0.818,0.022,0.796,0.554,0.695979899,,,
255,SYPU2,,SYPU,2,Symplocos pubsescens,NA,NA,T,5.83,4.58,0.625,0.107204117,0.538,0.022,0.516,0.268,0.519379845,,,
256,SYPU1,,SYPU,1,Symplocos pubsescens,NA,NA,T,8.48,7.07,0.705,0.083136792,1.26,0.022,1.238,0.706,0.570274637,,,
257,MYTO3,,MYTO,3,Myrcia tomentosa,NA,NA,T,7.2,5.82,0.69,0.095833333,1,0.022,0.978,0.781,0.798568507,,,
258,BOVI3,,BOVI,3,Bowdichia virgilioides,NA,NA,T,6.73,3.02,1.855,0.275631501,0.226,0.022,0.204,0.125,0.612745098,,,
259,COLA5,,COLA,5,Copaifera langsdorfii,NA,NA,T,4.11,3.4,0.355,0.086374696,0.473,0.022,0.451,0.23,0.509977827,,,
260,BOVI4,,BOVI,4,Bowdichia virgilioides,NA,NA,T,9.31,4.18,2.565,0.275510204,0.675,0.022,0.653,0.334,0.511485452,,,
261,STAD3,,STAD,3,Stryphnodendron adstringens,NA,NA,T,12.07,3.73,4.17,0.345484673,0.421,0.022,0.399,0.228,0.571428571,,,
262,BOVI5,,BOVI,5,Bowdichia virgilioides,NA,NA,T,8.28,5.78,1.25,0.150966184,0.932,0.022,0.91,0.504,0.553846154,,,
263,QUCO2,,QUCO,2,Qualea cordata,NA,NA,T,7.94,6.58,0.68,0.085642317,0.84,0.022,0.818,0.494,0.60391198,,,
264,STAD2,,STAD,2,Stryphnodendron adstringens,NA,NA,T,12.47,5.26,3.605,0.289093825,0.644,0.022,0.622,0.25,0.40192926,,,
265,MABR2,,MABR,2,Machaerium brasiliense,NA,NA,T,7.64,6.37,0.635,0.083115183,0.935,0.022,0.913,0.5,0.547645126,,,
266,STCA5,,STCA,5,Styrax camporum,NA,NA,T,6.78,5.97,0.405,0.059734513,0.42,0.022,0.398,0.246,0.618090452,,,
267,ERGR1,,ERGR,1,Eriothecum gracilis,NA,NA,T,13.41,8.28,2.565,0.191275168,1.128,0.022,1.106,0.469,0.424050633,,,
268,CAAD3,,CAAD,3,Camponomesia adamatium,NA,NA,T,7.94,6.64,0.65,0.08186398,0.509,0.022,0.487,0.332,0.681724846,,,
269,TOFO5,,TOFO,5,Tocoyena formosa,NA,NA,T,7.36,4.5,1.43,0.194293478,0.793,0.022,0.771,0.485,0.629053178,,,
270,ERGR2,,ERGR,2,Eriothecum gracilis,NA,NA,T,10.46,3.33,3.565,0.34082218,0.428,0.022,0.406,0.166,0.408866995,,,
271,ROMO5,,ROMO,5,Roupala montana,NA,NA,T,7.68,4.2,1.74,0.2265625,0.494,0.022,0.472,0.332,0.703389831,,,
272,ANDI3,,ANDI,3,Annona dioica,NA,NA,T,6.55,4.64,0.955,0.145801527,0.999,0.022,0.977,0.311,0.318321392,,,
273,DUFU4,,DUFU,4,Duguetia furfuracea,NA,NA,T,7.98,5.34,1.32,0.165413534,0.36,0.022,0.338,0.2,0.591715976,,,
274,QUGR4,,QUGR,4,Qualea grandiflora,NA,NA,T,10.26,8.44,0.91,0.088693957,1.284,0.022,1.262,0.674,0.5340729,,,
275,DAEL1,,DAEL,1,Davilla elegans,NA,NA,T,8.1,7.03,0.535,0.066049383,0.807,0.022,0.785,0.431,0.549044586,,,
276,CASY4,,CASY,4,Casearia sylvestris,NA,NA,T,7.89,6.02,0.935,0.118504436,0.353,0.022,0.331,0.212,0.640483384,,,
277,RAFE5,RAFE5A,RAFE,5,Rapanea ferrugeneus,NA,NA,T,7.02,5.39,0.815,0.116096866,0.672,0.022,0.65,0.427,0.656923077,,,
278,POTO3,,POTO,3,Pouteria torta,NA,NA,T,5.95,3.12,1.415,0.237815126,0.275,0.022,0.253,0.166,0.656126482,Yes,,
279,ERGR3,,ERGR,3,Eriothecum gracilis,NA,NA,T,10.02,4.68,2.67,0.266467066,0.84,0.022,0.818,0.281,0.343520782,,,
280,SYPU3,,SYPU,3,Symplocos pubsescens,NA,NA,T,5.7,4.45,0.625,0.109649123,0.691,0.022,0.669,0.319,0.476831091,,,
281,PEOB5,,PEOB,5,Pera obovata,NA,NA,T,6.65,5.27,0.69,0.103759398,0.423,0.022,0.401,0.199,0.496259352,,,
282,QUCO4,,QUCO,4,Qualea cordata,NA,NA,T,8.45,6.7,0.875,0.103550296,1.075,0.022,1.053,0.68,0.645773979,,,
283,COSU5,,COSU,5,Connarus suberosum,NA,NA,T,8.76,5.2,1.78,0.203196347,0.388,0.022,0.366,0.171,0.467213115,,,
284,COSU4,,COSU,4,Connarus suberosum,NA,NA,T,10.46,5.47,2.495,0.238527725,0.549,0.022,0.527,0.265,0.5028463,,,
285,RAFE4,,RAFE,4,Rapanea ferrugeneus,NA,NA,T,7.43,4.56,1.435,0.193135935,0.462,0.022,0.44,0.296,0.672727273,,,
286,JACA5,,JACA,5,Jacaranda caroba,NA,NA,T,9.01,7.26,0.875,0.097114317,1.104,0.022,1.082,0.539,0.498151571,,,
287,MYMU5,,MYMU,5,Myrcia multiflora,NA,NA,T,9.36,7.85,0.755,0.080662393,0.899,0.022,0.877,0.599,0.683010262,,,
288,LUGR1,,LUGR,1,Luehea grandiflora,NA,NA,T,9.33,6.28,1.525,0.163451233,0.88,0.022,0.858,0.377,0.439393939,Yes? Slime in phloem,,
289,QUCO3,,QUCO,3,Qualea cordata,NA,NA,T,8.35,6.49,0.93,0.111377246,0.786,0.022,0.764,0.506,0.662303665,,,
290,BYCO4,,BYCO,4,Byrsonima cocolobifolia,NA,NA,T,6.83,5.66,0.585,0.085651537,0.726,0.022,0.704,0.442,0.627840909,,,
291,ALED3,,ALED,3,Alibertia edulis,NA,NA,T,7.25,6.32,0.465,0.064137931,0.604,0.022,0.582,0.45,0.773195876,,,
292,QUCO5,,QUCO,5,Qualea cordata,NA,NA,T,6.71,5.13,0.79,0.117734724,0.996,0.022,0.974,0.562,0.577002053,,,
293,VOTU5,,VOTU,5,Vochysia tucanorum,NA,NA,T,8.1,6.36,0.87,0.107407407,1.141,0.022,1.119,0.578,0.516532618,,,
294,RAUM5,,RAUM,5,Rapanea umbellata,NA,NA,T,8.47,6.28,1.095,0.129279811,0.833,0.022,0.811,0.523,0.644882861,,,
295,BYCO3,,BYCO,3,Byrsonima cocolobifolia,NA,NA,T,6.63,4.64,0.995,0.150075415,0.368,0.022,0.346,0.276,0.797687861,,,
296,CUVE1,,CUVE,1,Cupania vernalis,NA,NA,T,10.56,9.14,0.71,0.067234848,0.935,0.022,0.913,0.573,0.627601314,,,
297,PLEL1,,PLEL,1,Platypodium elegans,NA,NA,T,7.62,6.18,0.72,0.094488189,0.693,0.022,0.671,0.513,0.764530551,,,
298,BARU5,,BARU,5,Bauhinia rufus,NA,NA,T,8.64,6.77,0.935,0.108217593,0.655,0.022,0.633,0.404,0.638230648,,,
299,LAHA3,,LAHA,3,Lacistema hasse,NA,NA,T,6.76,5.66,0.55,0.081360947,0.681,0.022,0.659,0.422,0.640364188,,,
300,SYPU5,,SYPU,5,Symplocos pubsescens,NA,NA,T,6.74,5.55,0.595,0.088278932,0.473,0.022,0.451,0.22,0.487804878,,,
301,MABR5,,MABR,5,Machaerium brasiliense,NA,NA,T,7.28,5.38,0.95,0.130494505,0.509,0.022,0.487,0.218,0.447638604,,,
302,COSU3,,COSU,3,Connarus suberosum,NA,NA,T,6.73,4.24,1.245,0.184992571,0.498,0.022,0.476,0.174,0.365546218,,,
303,CASY5,,CASY,5,Casearia sylvestris,NA,NA,T,7.14,4.91,1.115,0.156162465,0.63,0.022,0.608,0.419,0.689144737,,,
304,RAGU5,,RAGU,5,Rapanea guianensis,NA,NA,T,7.27,4.69,1.29,0.177441541,0.375,0.022,0.353,0.204,0.577903683,,,
305,RAUM4,,RAUM,4,Rapanea umbellata,NA,NA,T,7.22,4.97,1.125,0.155817175,0.45,0.022,0.428,0.284,0.663551402,,bag labeled RAUM5 but with correct weight,
306,TAGU5,,TAGU,5,Tapirira guianensis,NA,NA,T,7.36,6.2,0.58,0.078804348,0.704,0.022,0.682,0.388,0.568914956,,,
307,ERGR5,,ERGR,5,Eriothecum gracilis,NA,NA,T,7.48,5.06,1.21,0.161764706,0.395,0.022,0.373,0.115,0.308310992,,,
308,SYPU4,,SYPU,4,Symplocos pubsescens,NA,NA,T,6.96,4.55,1.205,0.173132184,0.649,0.022,0.627,0.327,0.5215311,,,
309,LAHA4,,LAHA,4,Lacistema hasselriana,NA,NA,T,6.43,5.39,0.52,0.080870918,0.536,0.022,0.514,0.212,0.412451362,,,
310,PEOB4,,PEOB,4,Pera obovata,NA,NA,T,6.95,5.95,0.5,0.071942446,0.581,0.022,0.559,0.309,0.552772809,,,
311,ERGR4,,ERGR,4,Eriothecum gracilis,NA,NA,T,11.54,4.92,3.31,0.286828423,0.771,0.022,0.749,0.34,0.453938585,,,
312,MYMU4,,MYMU,4,Myrcia multiflora,NA,NA,T,5.01,4.05,0.48,0.095808383,0.855,0.022,0.833,0.6,0.720288115,,,
313,DUFU5,,DUFU,5,Duguetia furfuracea,NA,NA,T,6.23,4.25,0.99,0.158908507,0.558,0.022,0.536,0.347,0.64738806,,,
314,QUGR5,,QUGR,5,Qualea grandiflora,NA,NA,T,8.07,5.96,1.055,0.130731103,0.896,0.022,0.874,0.457,0.522883295,,,
315,TAOC4,,TAOC,4,Tabebuia ochracea,NA,NA,T,7.71,3.97,1.87,0.242542153,0.522,0.022,0.5,0.3,0.6,,,
316,MYTO5,,MYTO,5,Myrcia tomentosa,NA,NA,T,7.27,5.86,0.705,0.096973865,0.724,0.022,0.702,0.519,0.739316239,,,
317,BYCO2,,BYCO,2,Byrsonima cocolobifolia,NA,NA,T,7.97,4.36,1.805,0.226474279,0.727,0.022,0.705,0.359,0.509219858,,"Formerly labeled BYCO1, but must be BYCO2 by process of elimination",
318,JACA4,,JACA,4,Jacaranda caroba,NA,NA,T,8.99,7.35,0.82,0.091212458,0.858,0.022,0.836,0.399,0.477272727,,,
319,JACA3,,JACA,3,Jacaranda caroba,NA,NA,T,10.09,9.02,0.535,0.053022795,1.156,0.022,1.134,0.444,0.391534392,,,
320,EUMY4,,EUMY,4,Eugenia myrcianthes,NA,NA,T,7.87,6.92,0.475,0.060355781,0.636,0.022,0.614,0.462,0.752442997,,,
321,PRHE2,,PRHE,2,Protium heptaphyllum,NA,NA,T,8.61,6.62,0.995,0.115563298,1.301,0.022,1.279,0.598,0.467552776,,,
322,CUTE1,,CUTE,1,Cupnia tenuivalvis,NA,NA,T,7.19,5.75,0.72,0.100139082,0.85,0.022,0.828,0.615,0.742753623,,,
323,LIMO4,,LIMO,4,Lithraea molloides,NA,NA,T,6.13,4.17,0.98,0.159869494,0.538,0.022,0.516,0.214,0.414728682,,,
324,SIGU2,,SIGU,2,Siparuna guianensis,NA,NA,T,6.43,5.75,0.34,0.052877138,0.884,0.022,0.862,0.513,0.59512761,,,
325,SIGU5,,SIGU,5,Siparuna guianensis,NA,NA,T,5.69,5.11,0.29,0.050966608,0.296,0.022,0.274,0.114,0.416058394,,,
326,EUMY2,,EUMY,2,Eugenia myrcianthes,NA,NA,T,6.12,4.78,0.67,0.109477124,0.65,0.022,0.628,0.5,0.796178344,,,
327,OCMI5,,OCMI,5,Ocotea minarum,NA,NA,T,5.93,4.3,0.815,0.137436762,0.386,0.022,0.364,0.192,0.527472527,,,
328,ALED4,,ALED,4,Alibertia edulis,NA,NA,T,5.01,4.4,0.305,0.060878244,0.44,0.022,0.418,0.361,0.863636364,,,
329,LUCA1,,LUCA,1,Luehea candicans,NA,NA,T,7.3,5.57,0.865,0.118493151,1.441,0.022,1.419,0.915,0.644820296,,,
330,CUVE2,,CUVE,2,Cupania vernalis,NA,NA,T,8.66,8.17,0.245,0.028290993,0.273,0.022,0.251,0.202,0.804780876,,,
331,TAOC5,,TAOC,5,Tabebuia ochracea,NA,NA,T,5.28,3.78,0.75,0.142045455,0.336,0.022,0.314,0.222,0.707006369,,,
332,CAGU2,,CAGU,2,Campomanesia guazumifolia,NA,NA,T,6.38,4.86,0.76,0.119122257,0.565,0.022,0.543,0.377,0.694290976,,,
333,NEOP1,NECU1,NECU,1,Nectandra oppositifolia,NA,NA,T,6.28,5.14,0.57,0.090764331,0.356,0.022,0.334,0.229,0.685628743,,,
334,CAGU3,,CAGU,3,Campomanesia guazumifolia,NA,NA,T,5.3,4.35,0.475,0.089622642,0.526,0.022,0.504,0.301,0.597222222,,,
335,OCVE2,,OCVE,2,Ocotea velloziana,NA,NA,T,5,3.65,0.675,0.135,0.347,0.022,0.325,0.222,0.683076923,,,
336,BALO1,,BALO,1,Bauhinia longifolia,NA,NA,T,6.1,4.13,0.985,0.16147541,0.563,0.022,0.541,0.416,0.768946396,,,
337,LAHA5,,LAHA,5,Lacistema hasselriana,NA,NA,T,7.89,6.76,0.565,0.071609632,0.736,0.022,0.714,0.407,0.570028011,,,
338,LIMO5,,LIMO,5,Lithraea molloides,NA,NA,T,6.21,5.18,0.515,0.082930757,0.334,0.022,0.312,0.191,0.612179487,,,
339,CAGU1,,CAGU,1,Campomanesia guazumifolia,NA,NA,T,7.59,5.7,0.945,0.124505929,0.982,0.022,0.96,0.601,0.626041667,,,
340,SIGU4,,SIGU,4,Siparuna guianensis,NA,NA,T,6.34,5.18,0.58,0.09148265,0.442,0.022,0.42,0.303,0.721428571,,,
341,OCMI6,,OCMI,6,Ocotea minarum,NA,NA,T,5.9,4.1,0.9,0.152542373,0.415,0.022,0.393,0.219,0.557251908,,tree 9236,
342,CASY6,,CASY,6,Casearia sylvestris,NA,NA,T,6.57,5.1,0.735,0.111872146,0.787,0.022,0.765,0.463,0.605228758,,,
343,OCMI2,,OCMI,2,Ocotea minarum,NA,NA,T,6.7,4.62,1.04,0.155223881,0.398,0.022,0.376,0.195,0.518617021,,,
344,EUMY1,,EUMY,1,Eugenia myrcianthes,NA,NA,T,5.93,5.03,0.45,0.075885329,0.499,0.022,0.477,0.327,0.685534591,,,
345,OCVE6,,OCVE,6,Ocotea velloziana,NA,NA,T,7.24,5.42,0.91,0.125690608,0.423,0.022,0.401,0.226,0.563591022,,tree 9235 labeled SIPU2,
346,CAGU4,,CAGU,4,Campomanesia guazumifolia,NA,NA,T,6.71,5.51,0.6,0.089418778,0.32,0.022,0.298,0.249,0.83557047,,,
347,OCVE3,,OCVE,3,Ocotea velloziana,NA,NA,T,7.82,5.32,1.25,0.159846547,0.579,0.022,0.557,0.265,0.475763016,,,
348,ANCA1,,ANCA,1,Annona cagans,NA,NA,T,8.52,6.04,1.24,0.145539906,0.784,0.022,0.762,0.202,0.265091864,,,
349,COLA6,,COLA,6,Copaifera langsdorfii,NA,NA,T,6.51,5.38,0.565,0.086789555,0.65,0.022,0.628,0.321,0.511146497,,,
350,CAGU5,,CAGU,5,Campomanesia guazumifolia,NA,NA,T,7.92,6.42,0.75,0.09469697,0.752,0.022,0.73,0.512,0.701369863,,,
351,OCMI4,,OCMI,4,Ocotea minarum,NA,NA,T,6.08,4.9,0.59,0.097039474,0.313,0.022,0.291,0.201,0.690721649,,,
352,SIGU3,,SIGU,3,Siparuna guianensis,NA,NA,T,6.29,5.43,0.43,0.06836248,0.594,0.022,0.572,0.339,0.592657343,,,
353,OCVE4,,OCVE,4,Ocotea velloziana,NA,NA,T,9.26,7.61,0.825,0.089092873,0.856,0.022,0.834,0.364,0.436450839,,,
354,OCVE5,,OCVE,5,Ocotea velloziana,NA,NA,T,8.29,6.77,0.76,0.091676719,0.666,0.022,0.644,0.256,0.397515528,,,
355,ZEMO4,,ZEMO,4,Zeyheria montana,NA,NA,T,7.9,5.69,1.105,0.139873418,0.882,0.022,0.86,0.353,0.410465116,,,
356,OCVE1,,OCVE,1,Ocotea velloziana,NA,NA,T,7.89,5.81,1.04,0.131812421,0.658,0.022,0.636,0.239,0.375786164,,,
357,BADR3,,BADR,3,Baccharis dracunculifolia,NA,NA,T,6.43,5.36,0.535,0.083203733,1.176,0.022,1.154,0.541,0.468804159,,,
358,OCMI1,,OCMI,1,Ocotea minarum,NA,NA,T,6.03,4.85,0.59,0.097844113,0.403,0.022,0.381,0.239,0.627296588,,envelope labeled DIMO5 but volume of .403. DIMO5 already done though below.,
359,DIMO5,,DIMO,5,Dimorphandra mollis,NA,NA,T,13.3,9.72,1.79,0.134586466,0.206,0.022,0.184,0.099,0.538043478,,DIMO5 envelope with the right volume (.206). ,
360,OCMI3,,OCMI,3,Ocotea minarum,NA,NA,T,7.69,6.24,0.725,0.094278283,0.508,0.022,0.486,0.331,0.681069959,,,
361,BADR2,,BADR,2,Baccharis dracunculifolia,NA,NA,T,8.02,7.05,0.485,0.060473815,1.026,0.022,1.004,0.483,0.481075697,,,
362,LUGR3,,LUGR,3,Luehea grandiflora,NA,NA,T,6.07,4.35,0.86,0.141680395,0.792,0.022,0.77,0.402,0.522077922,,,
363,BADR5,,BADR,5,Baccharis dracunculifolia,NA,NA,T,5.81,4.96,0.425,0.073149742,0.539,0.022,0.517,0.268,0.518375242,,,
364,DIMO4,,DIMO,4,Dimorphandra mollis,NA,NA,T,9.95,6.57,1.69,0.169849246,0.592,0.022,0.57,0.223,0.39122807,,,
365,LUGR2,,LUGR,2,Luehea grandiflora,NA,NA,T,7.38,4.89,1.245,0.168699187,1.268,0.022,1.246,0.447,0.358747994,,,
366,STAD4,,STAD,4,Stryphnodendron adstringens,NA,NA,T,10.02,7.34,1.34,0.133732535,0.651,0.022,0.629,0.227,0.360890302,,,
367,CUVE3,,CUVE,3,Cupania vernalis,NA,NA,T,8.98,7.75,0.615,0.068485523,0.583,0.022,0.561,0.379,0.675579323,,,
368,MIAL2,,MIAL,2,Miconia albicans,NA,NA,T,7.79,5.98,0.905,0.116174583,0.488,0.022,0.466,0.337,0.723175966,,,
369,CUVE4,,CUVE,4,Cupania vernalis,NA,NA,T,7.9,6.47,0.715,0.090506329,0.294,0.022,0.272,0.154,0.566176471,,,
370,BADR4,,BADR,4,Baccharis dracunculifolia,NA,NA,T,4.44,3.6,0.42,0.094594595,0.566,0.022,0.544,0.336,0.617647059,,,
371,CUTE3,,CUTE,3,Cupania tenuivalvis,NA,NA,T,5.14,4.21,0.465,0.090466926,0.308,0.022,0.286,0.214,0.748251748,,,
372,NECU3,,NECU,3,Nectandra cuspidata,NA,NA,T,5.52,4.52,0.5,0.09057971,0.49,0.022,0.468,0.244,0.521367521,,,
373,STRO6,,STRO,6,Stryphnodendron rotundifolium,NA,NA,T,6.94,5.46,0.74,0.106628242,0.515,0.022,0.493,0.23,0.46653144,,,
374,PLRE4,,PLRE,4,Platymenia reticulata,NA,NA,T,8.57,7.05,0.76,0.088681447,1.215,0.022,1.193,0.428,0.35875943,,,
375,PLRE5,,PLRE,5,Platymenia reticulata,NA,NA,T,10.07,7.1,1.485,0.147467726,0.598,0.022,0.576,0.273,0.473958333,,,
376,POTO6,,POTO,6,Pouteria torta,NA,NA,T,10.67,6.87,1.9,0.178069353,0.734,0.022,0.712,0.31,0.435393258,,,
377,NECU5,,NECU,5,Nectandra cuspidata,NA,NA,T,8.5,7.26,0.62,0.072941176,0.63,0.022,0.608,0.342,0.5625,,,
378,MYVE5,,MYVE,5,Myrcia venulosa,NA,NA,T,5.51,4.3,0.605,0.109800363,0.453,0.022,0.431,0.34,0.788863109,,,
379,MYVE2,,MYVE,2,Myrcia venulosa,NA,NA,T,5.92,4.67,0.625,0.105574324,0.477,0.022,0.455,0.399,0.876923077,,,
380,EUPU1,,EUPU,1,Eugenia punicifolia,NA,NA,T,3.96,3.33,0.315,0.079545455,0.254,0.022,0.232,0.157,0.676724138,,,
381,EUPU2,,EUPU,2,Eugenia punicifolia,NA,NA,T,6.32,5.14,0.59,0.09335443,0.486,0.022,0.464,0.328,0.706896552,,,
382,PLRE3,,PLRE,3,Platymenia reticulata,NA,NA,T,6.06,4.78,0.64,0.105610561,0.382,0.022,0.36,0.196,0.544444444,,,
383,MYVE3,,MYVE,3,Myrcia venulosa,NA,NA,T,7.61,6.01,0.8,0.105124836,0.417,0.022,0.395,0.325,0.82278481,,,
384,PRHE3,,PRHE,3,Protium heptaphyllum,NA,NA,T,7.32,5.71,0.805,0.109972678,0.561,0.022,0.539,0.252,0.467532468,,,
385,NECU2,,NECU,2,Nectandra cuspidata,NA,NA,T,6.67,5.38,0.645,0.096701649,0.567,0.022,0.545,0.334,0.612844037,,,
386,CUTE2,,CUTE,2,Cupania tenuivalvis,NA,NA,T,6.88,6.05,0.415,0.060319767,0.723,0.022,0.701,0.5,0.713266762,,,
387,PLRE1,,PLRE,1,Platymenia reticulata,NA,NA,T,8.61,6.46,1.075,0.12485482,0.713,0.022,0.691,0.464,0.671490593,,,
388,POTO5,,POTO,5,Pouteria torta,NA,NA,T,10.28,6.17,2.055,0.199902724,0.377,0.022,0.355,0.16,0.450704225,,,
389,GUNI1,,GUNI,1,Guatteria nigrescens,NA,NA,T,6.55,4.38,1.085,0.165648855,0.56,0.022,0.538,0.207,0.384758364,,,
390,NECU4,,NECU,4,Nectandra cuspidata,NA,NA,T,7.42,5.93,0.745,0.100404313,0.861,0.022,0.839,0.436,0.519666269,,,
391,QUMU3,,QUMU,3,Qualea multiflora,NA,NA,T,6.05,5.21,0.42,0.069421488,0.387,0.022,0.365,0.226,0.619178082,,,
392,DARA3,,DARA,3,Daphnopsis racemosa,NA,NA,T,7.28,4.98,1.15,0.157967033,0.609,0.022,0.587,0.26,0.442930153,,,
393,MYVE4,,MYVE,4,Myrcia venulosa,NA,NA,T,7.33,5.48,0.925,0.126193724,0.64,0.022,0.618,0.461,0.745954693,,,
394,ANFA3,,ANFA,3,Anadenanthera falcata,NA,NA,T,8.03,6.16,0.935,0.116438356,0.438,0.022,0.416,0.25,0.600961538,,,
395,ANFA4,,ANFA,4,Anadenanthera falcata,NA,NA,T,6.67,4.18,1.245,0.186656672,0.47,0.022,0.448,0.285,0.636160714,,,
396,ANFA5,,ANFA,5,Anadenanthera falcata,NA,NA,T,10.78,7.5,1.64,0.152133581,1.438,0.022,1.416,0.89,0.628531073,,,
397,AMIN6,,AMIN,6,Amaioua intermedia,NA,NA,T,4.73,3.52,0.605,0.127906977,0.274,0.022,0.252,0.187,0.742063492,,,
398,SIGU6,,SIGU,6,Siparuna guianensis,NA,NA,T,7.21,5.76,0.725,0.100554785,0.393,0.022,0.371,0.249,0.67115903,,CALU2 is actually SIGU,
399,NECU1,,NECU,1,Nectandra cuspidata,NA,NA,T,6.93,5.53,0.7,0.101010101,0.526,0.022,0.504,0.283,0.561507937,,,
400,GUNI4,,GUNI,4,Guatteria nigrescens,NA,NA,T,7,4.91,1.045,0.149285714,0.353,0.022,0.331,0.113,0.341389728,,,
401,AMIN5,,AMIN,5,Amaioua intermedia,NA,NA,T,4.61,3.62,0.495,0.107375271,0.21,0.022,0.188,0.141,0.75,,,
402,MYVE1,,MYVE,1,Myrcia venulosa,NA,NA,T,4.93,3.95,0.49,0.099391481,0.443,0.022,0.421,0.301,0.714964371,,,
403,PLRE2,,PLRE,2,Platymenia reticulata,NA,NA,T,5.79,4.81,0.49,0.08462867,0.598,0.022,0.576,0.319,0.553819444,,,
404,QUMU5,,QUMU,5,Qualea multiflora,NA,NA,T,6.78,5.4,0.69,0.101769912,0.745,0.022,0.723,0.367,0.507607192,,,
405,POTO4,,POTO,4,Pouteria torta,NA,NA,T,8.74,4.96,1.89,0.21624714,0.518,0.022,0.496,0.272,0.548387097,,,
406,GUNI3,,GUNI,3,Guatteria nigrescens,NA,NA,T,5.43,3.7,0.865,0.159300184,0.643,0.022,0.621,0.303,0.487922705,,,
407,DARA5,,DARA,5,Daphnopsis racemosa,NA,NA,T,7.67,5.55,1.06,0.138200782,0.568,0.022,0.546,0.297,0.543956044,,,
408,DARA4,,DARA,4,Daphnopsis racemosa,NA,NA,T,7.33,5.17,1.08,0.1473397,0.742,0.022,0.72,0.306,0.425,,,
409,ANFA1,,ANFA,1,Anadenanthera falcata,NA,NA,T,8.26,5.57,1.345,0.16283293,0.406,0.022,0.384,0.289,0.752604167,,,
410,CUTE4,,CUTE,4,Cupania tenuivalvis,NA,NA,T,5.75,5.11,0.32,0.055652174,0.598,0.022,0.576,0.422,0.732638889,,,
411,ANFA2,,ANFA,2,Anadenanthera falcata,NA,NA,T,7.73,5.51,1.11,0.143596378,0.583,0.022,0.561,0.323,0.575757576,,,
412,QUMU4,,QUMU,4,Qualea multiflora,NA,NA,T,7.77,5.78,0.995,0.128056628,0.894,0.022,0.872,0.524,0.600917431,,,
413,GUNI5,,GUNI,5,Guatteria nigrescens,NA,NA,T,6.03,4.25,0.89,0.147595357,0.484,0.022,0.462,0.226,0.489177489,,,
414,DARA2,,DARA,2,Daphnopsis racemosa,NA,NA,T,7.46,5.43,1.015,0.136058981,0.455,0.022,0.433,0.143,0.330254042,,,
415,BYCO5,,BYCO,5,Byrsonima cocolobifolia,NA,NA,T,5.34,3.39,0.975,0.18258427,0.339,0.022,0.317,0.192,0.605678233,,,
416,MIAL4,,MIAL,4,Miconia albicans,NA,NA,T,7.13,5.52,0.805,0.112903226,0.495,0.022,0.473,0.305,0.644820296,,,
417,GUNI2,,GUNI,2,Guatteria nigrescens,NA,NA,T,9.95,7.54,1.205,0.121105528,1.323,0.022,1.301,0.387,0.29746349,,,
418,CUVE5,,CUVE,5,Cupania vernalis,NA,NA,T,9.04,8.29,0.375,0.041482301,1.281,0.027,1.254,0.817,0.651515152,,,
419,LISA2,,LISA,2,Lippia salviaefolia,NA,NA,T,3.62,3.21,0.205,0.056629834,0.424,0.027,0.397,0.309,0.778337531,,,
420,LISA1,,LISA,1,Lippia salviaefolia,NA,NA,T,4.52,3.85,0.335,0.074115044,0.679,0.027,0.652,0.449,0.688650307,,,
421,EUMY5,,EUMY,5,Eugenia myrcianthes,NA,NA,T,5.23,4.47,0.38,0.072657744,0.842,0.027,0.815,0.529,0.649079755,,,
422,LUCA4,,LUCA,4,Luehea candicans,NA,NA,T,7.56,5.67,0.945,0.125,0.76,0.027,0.733,0.485,0.661664393,,,
423,GOBA5,,GOBA,5,Gochnatia barrosii,NA,NA,T,10.47,8.39,1.04,0.099331423,0.912,0.027,0.885,0.761,0.859887006,,,
424,PLEL2,,PLEL,2,Platypodium elegans,NA,NA,T,4.39,3.8,0.295,0.067198178,0.66,0.027,0.633,0.315,0.497630332,,,
425,PLEL3,,PLEL,3,Platypodium elegans,NA,NA,T,6.85,5.22,0.815,0.118978102,0.502,0.027,0.475,0.354,0.745263158,,,
426,LUCA3,,LUCA,3,Luehea candicans,NA,NA,T,6.79,4.73,1.03,0.151693667,0.349,0.027,0.322,0.169,0.52484472,,,
427,EUMY3,,EUMY,3,Eugenia myrcianthes,NA,NA,T,4.41,4.03,0.19,0.0430839,0.602,0.027,0.575,0.393,0.683478261,,,
428,LUCA2,,LUCA,2,Luehea candicans,NA,NA,T,6.24,5.08,0.58,0.092948718,0.765,0.027,0.738,0.312,0.422764228,,,
429,ALED5,,ALED,5,Alibertia edulis,NA,NA,T,5.86,5.3,0.28,0.04778157,0.983,0.027,0.956,0.513,0.536610879,,,
430,GOBA4,,GOBA,4,Gochnatia barrosii,NA,NA,T,6.43,5.27,0.58,0.090202177,0.7,0.027,0.673,0.455,0.676077266,,,
431,ANCA2,,ANCA,2,Annona cagans,NA,NA,T,5.96,4.2,0.88,0.147651007,0.673,0.027,0.646,0.173,0.267801858,,,
432,KICO5,,KICO,5,Kielmera coriacea,NA,NA,T,11.82,5.89,2.965,0.250846024,0.455,0.027,0.428,0.196,0.457943925,,,
433,ANDI4,,ANDI,4,Annona dioica,NA,NA,T,8.06,5.64,1.21,0.150124069,1.39,0.027,1.363,0.412,0.302274395,,,
434,TEGL5,,TEGL,5,Terminalia glabrescens,NA,NA,T,8.86,6.29,1.285,0.14503386,0.704,0.027,0.677,0.498,0.735598227,,envelope labeled TEGL3 but volume is right,
435,GOBA3,,GOBA,3,Gochnatia barrosii,NA,NA,T,7.84,6.67,0.585,0.074617347,1.939,0.027,1.912,1.289,0.67416318,,,
436,BADR6,,BADR,6,Baccharis dracunculifolia,NA,NA,T,7.11,5.89,0.61,0.085794655,1.573,0.027,1.546,0.857,0.554333765,,,
437,TAOC3,TAOC6,TAOC,3,Tabebuia ochracea,NA,NA,T,6.95,4.5,1.225,0.176258993,0.552,0.027,0.525,0.27,0.514285714,,,
438,ZEMO5,,ZEMO,5,Zeyheria montana,NA,NA,T,9.11,5.69,1.71,0.187705818,1.008,0.027,0.981,0.569,0.580020387,,,
439,BYCO1,,BYCO,1,Byrsonima cocolobifolia,,,T,4.7,3.3,0.7,0.14893617,0.384,0.027,0.357,0.324,0.907563025,,,
440,BALO2,,BALO,2,Bauhinia longifolia,,,T,7.54,5.64,0.95,0.125994695,0.585,0.027,0.558,0.44,0.788530466,,,
441,CUTE5,,CUTE,5,Cupania tenuivalvis,,,T,7.36,6.2,0.58,0.078804348,0.771,0.027,0.744,0.558,0.75,,,
442,AEVE6,,AEVE,6,Aegiphila verticillata,,,T,7,4.75,1.125,0.160714286,0.308,0.027,0.281,0.127,0.451957295,,,
443,DAEL3,,DAEL,3,Davilla elegans,,,T,4.98,3.55,0.715,0.143574297,0.413,0.027,0.386,0.234,0.606217617,,,
444,PLEL5,,PLEL,5,Platypodium elegans,,,T,9.46,7.16,1.15,0.121564482,0.829,0.027,0.802,0.654,0.815461347,,,
445,PLEL4,,PLEL,4,Platypodium elegans,,,T,7.79,5.7,1.045,0.134146341,0.649,0.027,0.622,0.412,0.662379421,,,
446,LUGR5,,LUGR,5,Luehea grandiflora,,,T,9.23,6.51,1.36,0.147345612,0.691,0.027,0.664,0.163,0.245481928,,,
447,ZARH4,,ZARH,4,Zanthoxylem rhoifolia,,,T,7.96,6.14,0.91,0.114321608,0.931,0.027,0.904,0.526,0.581858407,,,
448,STAD5,,STAD,5,Stryphnodendron adstringens,,,T,8.25,5.14,1.555,0.188484848,0.214,0.027,0.187,0.092,0.49197861,,,
449,LUGR4,,LUGR,4,Luehea grandiflora,,,T,7.52,5.37,1.075,0.142952128,0.695,0.027,0.668,0.203,0.303892216,,,
450,ZARH5,,ZARH,5,Zanthoxylem rhoifolia,,,T,7.68,6.24,0.72,0.09375,0.88,0.027,0.853,0.443,0.519343494,,,
451,DAEL2,,DAEL,2,Davilla elegans,,,T,5.6,4.15,0.725,0.129464286,0.448,0.027,0.421,0.262,0.622327791,,,
452,PIAX1,,PIAX,1,Piptocarpha axillaris,,,T,6.03,4.54,0.745,0.123548922,0.461,0.027,0.434,0.24,0.552995392,,,
453,AEVE2,,AEVE,2,Aegiphila verticillata,,,T,6.81,4.94,0.935,0.137298091,0.66,0.027,0.633,0.238,0.375987362,,,
454,PIAX2,,PIAX,1,Piptocarpha axillaris,,,T,6.27,4.57,0.85,0.135566188,0.518,0.027,0.491,0.289,0.588594705,,,
455,PIAX3,,PIAX,3,Piptocarpha axillaris,,,T,6.83,5.39,0.72,0.105417277,0.72,0.027,0.693,0.394,0.568542569,,,
456,Omit,,TACA,2,Tabernaemontana catherinensis,,,T,5.97,4.24,0.865,0.144891122,0.551,0.027,0.524,0.308,0.58778626,,[Duplicate sample taken by accident -- sf 082317],
457,PIAX4,,PIAX,4,Piptocarpha axillaris,,,T,6.59,4.99,0.8,0.121396055,0.612,0.027,0.585,0.299,0.511111111,,,
458,PIAX5,,PIAX,5,Piptocarpha axillaris,,,T,10.58,8.24,1.17,0.110586011,0.933,0.027,0.906,0.578,0.637969095,,,
459,CHMA5,,CHMA,5,Chrysophyllum marginatum,,,T,5.05,4.34,0.355,0.07029703,0.418,0.027,0.391,0.269,0.68797954,,,
460,CHMA4,,CHMA,4,Chrysophyllum marginatum,,,T,4.29,3.49,0.4,0.093240093,0.319,0.027,0.292,0.208,0.712328767,,,
461,LISA4,,LISA,4,Lippia salviaefolia,,,T,6.87,6.16,0.355,0.051673945,0.694,0.027,0.667,0.355,0.532233883,,,
462,BALO5,,BALO,5,Bauhinia longifolia,,,T,8.01,6.06,0.975,0.121722846,1.215,0.027,1.188,0.904,0.760942761,,,
463,ANDI5,,ANDI,5,Annona dioica,,,T,6.22,4.18,1.02,0.163987138,0.59,0.027,0.563,0.197,0.34991119,,,
464,LISA5,,LISA,5,Lippia salviaefolia,,,T,6.73,5.66,0.535,0.079494799,0.711,0.027,0.684,0.503,0.735380117,,,
465,DAEL5,,DAEL,5,Davilla elliptica,,,T,7.63,6.35,0.64,0.083879423,0.745,0.027,0.718,0.528,0.735376045,,,
466,DAEL4,,DAEL,4,Davilla elliptica,,,T,7.52,5.68,0.92,0.122340426,0.611,0.027,0.584,0.389,0.66609589,,,
467,BALO4,,BALO,4,Bauhinia longifolia,,,T,7.87,6.04,0.915,0.116264295,0.68,0.027,0.653,0.495,0.758039816,,,
468,LISA3,,LISA,3,Lippia salviaefolia,,,T,6.82,6.29,0.265,0.038856305,0.986,0.027,0.959,0.664,0.692387904,,,
469,BALO3,,BALO,3,Bauhinia longifolia,,,T,8.45,6.49,0.98,0.115976331,0.859,0.027,0.832,0.605,0.727163462,,,
470,MIAL5,,MIAL,5,Miconia albicans,,,T,6.62,4.86,0.88,0.132930514,0.758,0.027,0.731,0.58,0.793433653,,,
471,LUCA5,,LUCA,5,Luehea candicans,,,T,8.07,6.25,0.91,0.112763321,0.759,0.027,0.732,0.329,0.449453552,,,
472,PRHE4,,PRHE,4,Protium heptaphyllum,,,T,5.76,3.89,0.935,0.162326389,0.542,0.027,0.515,0.314,0.609708738,,,
473,PRHE5,,PRHE,5,Protium heptaphyllum,,,T,7.6,5.66,0.97,0.127631579,1.135,0.027,1.108,0.609,0.549638989,,,
474,PIRO2,PIRO-A,PIRO,2,Piptocarpha rotundifolia,NA,NA,T,7.64,5.76,0.94,0.123036649,0.435,0.027,0.408,0.2,0.490196078,,,
475,PIRO3,PIRO-B,PIRO,3,Piptocarpha rotundifolia,NA,NA,T,15.02,8.57,3.225,0.214713715,0.369,0.027,0.342,0.223,0.652046784,,,
476,PIRO4,PIRO-C,PIRO,4,Piptocarpha rotundifolia,NA,NA,T,8.61,6.11,1.25,0.145180023,0.154,0.027,0.127,0.088,0.692913386,,,
477,TAAU1,,TAAU,1,Tabebuia aurea,NA,NA,T,13.46,6.93,3.265,0.242570579,0.282,0.027,0.255,0.134,0.525490196,,,
478,ERTO1,,ERTO,1,Erythroxylem tomentosum,NA,NA,T,18.07,6.29,5.89,0.325954621,0.528,0.027,0.501,0.338,0.674650699,,,
479,ASTO1,,ASTO,1,Aspidosperma tomentosa,NA,NA,T,10.26,5.69,2.285,0.222709552,0.2,0.027,0.173,0.129,0.74566474,,,
480,TAAU2,,TAAU,2,Tabebuia aurea,NA,NA,T,15.88,7.5,4.19,0.263853904,0.124,0.027,0.097,0.054,0.556701031,,,
481,ZETU1,,ZETU,1,Zeyheria tuberculosum,NA,NA,T,14.71,8.43,3.14,0.213460231,0.473,0.027,0.446,0.276,0.618834081,,,
482,ZETU2,,ZETU,2,Zeyheria tuberculosum,NA,NA,T,10.98,5.58,2.7,0.245901639,0.196,0.027,0.169,0.112,0.662721893,,,
483,ZETU3,,ZETU,3,Zeyheria tuberculosum,NA,NA,T,12.63,6.79,2.92,0.231195566,0.161,0.027,0.134,0.1,0.746268657,,,
484,ERDE2,,ERDE,2,Erythroxylem deciduum,NA,NA,T,5.97,3.9,1.035,0.173366834,0.31,0.027,0.283,0.227,0.802120141,,,
485,ERDE1,,ERDE,1,Erythroxylem deciduum,NA,NA,T,5.99,4.28,0.855,0.142737896,0.248,0.027,0.221,0.173,0.78280543,,,
486,ERDE3,,ERDE,3,Erythroxylem deciduum,NA,NA,T,6.25,4.73,0.76,0.1216,0.318,0,0.318,0.219,0.688679245,,,
487,TAAU3,,TAAU,3,Tabebuia aurea,NA,NA,T,24.46,8.91,7.775,0.317865904,0.44,0.01,0.43,0.187,0.434883721,,,
488,ASTO2,,ASTO,2,Aspidosperma tomentosa,NA,NA,T,9.6,5.47,2.065,0.215104167,0.481,0.01,0.471,0.241,0.511677282,,,
489,ASTO3,,ASTO,3,Aspidosperma tomentosa,NA,NA,T,10.49,5.66,2.415,0.230219256,0.395,0.01,0.385,0.22,0.571428571,,,
490,HEAP1,,HEAP,1,Helietta apiculata,NA,NA,T,5.66,4.57,0.545,0.096289753,0.357,0.01,0.347,0.211,0.608069164,,,
491,AESE1,,AESE,1,Aegiphila sellowiana,NA,NA,T,6.15,4.83,0.66,0.107317073,0.237,0.01,0.227,0.089,0.392070485,,,
492,ERTO3,,ERTO,3,Erythroxylum tomentosum,NA,NA,T,7.09,3.81,1.64,0.231311707,0.07,0.01,0.06,0.04,0.666666667,,,
493,ERTO4,,ERTO,4,Erythroxylum tomentosum,NA,NA,T,12.25,4.01,4.12,0.336326531,0.149,0.01,0.139,0.087,0.625899281,,,
494,AESE2,,AESE,2,Aegiphila sellowiana,NA,NA,T,10.37,8.73,0.82,0.079074253,0.43,0.01,0.42,0.183,0.435714286,,,
495,AESE3,,AESE,3,Aegiphila sellowiana,NA,NA,T,9.91,8.27,0.82,0.082744702,0.32,0.01,0.31,0.132,0.425806452,,,
496,AESE4,,AESE,4,Aegiphila sellowiana,,,NA,NA,NA,NA,NA,NA,NA,NA,NA,NA,,,
497,MAGU1,,MAGU,1,Maprounea guianensis,,,T,5.3,4.53,0.385,0.072641509,0.321,0.01,0.311,0.159,0.511254019,,,
498,MAGU2,,MAGU,2,Maprounea guianensis,,,T,6.83,5.7,0.565,0.08272328,0.421,0.01,0.411,0.229,0.557177616,,,
499,MAGU3,,MAGU,3,Maprounea guianensis,,,T,4.37,3.57,0.4,0.091533181,0.197,0.01,0.187,0.103,0.550802139,,,
500,MAGU4,,MAGU,4,Maprounea guianensis,,,T,5.77,5.09,0.34,0.058925477,0.259,0.01,0.249,0.149,0.598393574,,,
501,MAGU5,,MAGU,5,Maprounea guianensis,,,T,3.14,2.9,0.12,0.038216561,0.1,0.01,0.09,0.066,0.733333333,,,
502,CRFL1,,CRFL,1,Croton floribundus,,,T,6.71,6.15,0.28,0.041728763,0.213,0.01,0.203,0.101,0.497536946,,,
503,ALED6,,ALED,6,Alibertia edulis,,,T,5.91,4.53,0.69,0.116751269,0.148,0.01,0.138,0.132,0.956521739,,,
504,TAAU4,,TAAU,4,Tabebuia aurea,,,T,15.88,8.93,3.475,0.218828715,0.162,0.01,0.152,0.085,0.559210526,,,
505,ASTO4,,ASTO,4,Aspidosperma tomentosa,,,T,14.6,7.86,3.37,0.230821918,0.789,0.01,0.779,0.479,0.614890886,,,
506,ASTO5,,ASTO,5,Aspidosperma tomentosa,,,T,11.15,5.78,2.685,0.240807175,0.313,0.01,0.303,0.182,0.600660066,,,
507,ZETU4,,ZETU,4,Zeyheria tuberculosum,,,T,13.48,7.56,2.96,0.21958457,0.383,0.01,0.373,0.194,0.520107239,,,
508,ZETU5,,ZETU,5,Zeyheria tuberculosum,,,T,7.21,5.63,0.79,0.109570042,0.415,0.01,0.405,0.156,0.385185185,,,
509,CRFL2,,CRFL,2,Croton floribundus,,,T,7.95,6.72,0.615,0.077358491,0.462,0.01,0.452,0.264,0.584070796,,,
510,CRFL3,,CRFL,3,Croton floribundus,,,T,7.99,7.03,0.48,0.060075094,0.37,0.01,0.36,0.196,0.544444444,,,
511,CAGU6,CAGU3,CAGU,6,Campomanesia guazumifolia,,,T,7.11,6.03,0.54,0.075949367,0.411,0.01,0.401,0.293,0.730673317,,,
512,CAGU7,CAGU4,CAGU,7,Campomanesia guazumifolia,,,T,6.35,4.96,0.695,0.109448819,0.221,0.01,0.211,0.169,0.800947867,,,
513,MISE1,,MISE,1,Miconia sellowiana,7/4/2019,,T,8.01,7.28,0.365,0.04556804,0.602,0.01,0.592,0.361,0.609797297,,,
514,DAFA1,,DAFA,1,Daphnopsis fasciculata,7/4/2019,,T,11.08,7.62,1.73,0.156137184,0.352,0.01,0.342,0.125,0.365497076,,,
515,MISE2,,MISE,2,Miconia sellowiana,7/4/2019,,T,8.3,7,0.65,0.078313253,0.685,0.01,0.675,0.368,0.545185185,,,
516,ERTO5,ERTOC,ERTO,5,Erythroxylum tortuosum,7/4/2019,,T,10.58,4.64,2.97,0.280718336,0.179,0.01,0.169,0.102,0.603550296,,,
517,AESE5,,AESE,5,Aegiphila sellowiana,7/4/2019,,T,8.47,7.27,0.6,0.070838253,0.455,0.01,0.445,0.184,0.413483146,,,
518,MISE3,,MISE,3,Miconia sellowiana,7/4/2019,,T,6.57,5.44,0.565,0.085996956,0.534,0.01,0.524,0.312,0.595419847,,,
519,DAFA2,,DAFA,2,Daphnopsis fasciculata,7/4/2019,,T,6.65,5.41,0.62,0.093233083,0.193,0.01,0.183,0.118,0.644808743,,,
520,GUVI1,,GUVI,1,Guattarda viburnoides,7/4/2019,,T,7.18,5.62,0.78,0.108635097,0.36,0.01,0.35,0.219,0.625714286,,,
521,GUVI2,,GUVI,2,Guattarda viburnoides,7/4/2019,,T,5.24,3.93,0.655,0.125,0.222,0.01,0.212,0.151,0.712264151,,,
522,DAFA3,,DAFA,3,Daphnopsis fasciculata,7/16/2019,,T,10.88,8.86,1.01,0.092830882,0.91,0.01,0.9,0.616,0.684444444,,,
523,GUVI3,,GUVI,3,Guattarda viburnoides,7/16/2019,,T,9.14,7.78,0.68,0.074398249,0.715,0.01,0.705,0.45,0.638297872,,,
524,PIRO5,,PIRO,5,Piptocarpha rotundifolia,7/16/2019,,T,12.98,7.65,2.665,0.205315871,0.565,0.01,0.555,0.347,0.625225225,,,
525,FAMO1,,FAMO,1,Faramea motevidensis,,,T,8.26,6.97,0.645,0.078087167,0.396,0.01,0.386,0.27,0.699481865,,,
526,ANCA3,,ANCA,3,Anonna cacans,,,T,,,NA,NA,NA,NA,NA,NA,NA,,,
527,FAMO2,,FAMO,2,Faramea motevidensis,,,T,8.7,6.77,0.965,0.11091954,0.66,0.01,0.65,0.483,0.743076923,,,
528,PORA1,,PORA,1,Pouteria ramiflora,,,T,10.31,7.57,1.37,0.132880698,0.512,0.01,0.502,0.355,0.707171315,,,
529,ANCA1,,ANCA,1,Anonna cacans,,,T,,,NA,NA,NA,NA,NA,NA,NA,,,
530,XYAR1,,XYAR,1,Xylopia aromatica,,,T,8,5.86,1.07,0.13375,0.405,0.01,0.395,0.187,0.473417722,,,
531,STPO3,,STOP,3,Styrax pohlii,,,T,,,NA,NA,NA,NA,NA,NA,NA,,,
532,BYLA1,,BYLA,1,Byrsonima laxifolia,,,T,9.88,7.18,1.35,0.136639676,0.65,0.01,0.64,0.378,0.590625,,,
533,BYLA2,,BYLA,2,Byrsonima laxifolia,,,T,6.63,5.29,0.67,0.101055807,0.331,0.01,0.321,0.192,0.598130841,,,
534,RALA3,,RALA,3,Rapanea lancifolia,,,T,6.7,5.02,0.84,0.125373134,0.36,0.01,0.35,0.215,0.614285714,,,
535,PORA3,,PORA,3,Pouteria ramiflora,,,T,10.5,8.18,1.16,0.11047619,0.742,0.01,0.732,0.525,0.717213115,,,
536,SYRE3,,SYRE,3,Symplocos reflexa,,,T,11.01,8.72,1.145,0.103996367,0.72,0.01,0.71,0.376,0.529577465,,,
537,STPO2,,STOP,2,Styrax pohlii,,,T,9.25,6.97,1.14,0.123243243,0.411,0.01,0.401,0.26,0.648379052,,,
538,BYLA3,,BYLA,3,Byrsonima laxifolia,,,T,6.39,4.69,0.85,0.133020344,0.255,0.01,0.245,0.131,0.534693878,,,
539,SYRE1,,SYRE,1,Symplocos reflexa,,,T,10.88,7.84,1.52,0.139705882,0.446,0.01,0.436,0.186,0.426605505,,,
540,XYAR2,,XYAR,2,Xylopia aromatica,,,T,10.73,7.99,1.37,0.127679404,0.957,0.01,0.947,0.272,0.287222809,,,
541,SYRE2,,SYRE,2,Symplocos reflexa,,,T,12.17,9.69,1.24,0.101889893,0.844,0.01,0.834,0.433,0.519184652,,,
542,FAMO3,,FAMO,3,Faramea motevidensis,,,T,9.27,7.32,0.975,0.105177994,0.29,0.01,0.28,0.174,0.621428571,,,
543,RALA1,,RALA,1,Rapanea lancifolia,,,T,7.19,5.51,0.84,0.116828929,0.277,0.01,0.267,0.183,0.685393258,,,
544,RALA2,,RALA,2,Rapanea lancifolia,,,T,7.39,5.63,0.88,0.119079838,0.403,0.01,0.393,0.266,0.676844784,,,
545,ANCA2,,ANCA,2,Anonna cacans,,,T,,,NA,NA,NA,NA,NA,NA,NA,,,
546,PORA2,,PORA,2,Pouteria ramiflora,,,T,8.28,5.8,1.24,0.149758454,0.334,0.01,0.324,0.209,0.645061728,,,
547,XYAR3,,XYAR,3,Xylopia aromatica,,,T,9.71,7.08,1.315,0.135427394,0.555,0.01,0.545,0.233,0.427522936,,,
548,STPO1,,STOP,1,Styrax pohlii,,,T,9.81,8.17,0.82,0.083588175,0.731,0.01,0.721,0.342,0.474341193,,,
549,CEPA1,,CEPA,1,Cecropia pachystachya,,,T,13.77,11.72,1.025,0.074437182,0.52,0.01,0.51,0.167,0.32745098,,,
550,CEPA2,,CEPA,2,Cecropia pachystachya,,,T,18.03,15.59,1.22,0.067665003,0.964,0.01,0.954,0.365,0.382599581,,,
551,CEPA3,,CEPA,3,Cecropia pachystachya,,,T,15.95,13.15,1.4,0.087774295,0.269,0.01,0.259,0.084,0.324324324,,,
552,CEPA4,,CEPA,4,Cecropia pachystachya,,,T,9.68,8.4,0.64,0.066115702,0.257,0.01,0.247,0.12,0.48582996,,,
553,CEPA5,,CEPA,5,Cecropia pachystachya,,,T,16.48,14.15,1.165,0.070691748,0.205,0.01,0.195,0.082,0.420512821,,,
554,DAFA4,,DAFA,4,Daphnopsis fasciculata,,,T,6.93,4.91,1.01,0.145743146,0.305,0.01,0.295,0.23,0.779661017,,,
555,ANCA3,,ANCA,3,Anonna cacans,7/16/2019,,T,8.13,5.11,1.51,0.185731857,0.353,0.01,0.343,0.154,0.448979592,,,
556,CRFL4,,CRFL,4,Croton floribundus,7/16/2019,,T,7.65,5.7,0.975,0.12745098,0.275,0.01,0.265,0.139,0.524528302,,,
557,CRFL5,,CRFL,5,Croton floribundus,7/16/2019,,T,8.66,7.33,0.665,0.076789838,0.794,0.01,0.784,0.39,0.49744898,,,
558,MISE4,,MISE,4,Miconia sellowiana,7/16/2019,,T,4.9,4.4,0.25,0.051020408,0.22,0.01,0.21,0.133,0.633333333,,,
559,MISE5,,MISE,5,Miconia sellowiana,7/16/2019,,T,7.6,6.55,0.525,0.069078947,0.671,0.01,0.661,0.433,0.655068079,,,
560,ERTO6,,ERTO,6,Erythroxylum tortuosum,7/16/2019,,T,8.65,4.33,2.16,0.249710983,0.195,0.01,0.185,0.108,0.583783784,,,
561,DAFA5,,DAFA,5,Daphnopsis fasciculata,7/16/2019,,T,6.73,4.87,0.93,0.138187221,0.446,0.01,0.436,0.21,0.481651376,,,
562,ERDE4,,ERDE,4,Erythroxylum deciduum,7/16/2019,,T,8.6,6.76,0.92,0.106976744,0.704,0.01,0.694,0.529,0.762247839,,,
563,TAAU5,,TAAU,5,Tabebuia aurea,7/16/2019,,T,16.57,6.3,5.135,0.309897405,0.185,0.01,0.175,0.106,0.605714286,,,
564,ERDE5,,ERDE,5,Erythroxylum deciduum,7/16/2019,,T,6.67,5.27,0.7,0.104947526,0.29,0.01,0.28,0.216,0.771428571,,,
