OID,Individual,Code,Number,Species,Date,Method,Punch diameter,Fresh Leaf Mass,Dry leaf mass,Number of punches,Leaf area disks cm2,Water content,Scan image name,Scanned leaf area (pixels),Scanned leaf area (cm2),Number leaves,Compound?,Number leaflets,Leaf axis 1,Leaf axis 2,Leaflet or leaf size (mm2),Total leaf size (mm2),Leaf thickness 1 (mm),Leaf thickness 2 (mm),Leaf thickness 3 (mm),SLA (cm2 g-1),Comments
1,PEOB1,PEOB,,Pera obovata,,Scan,NA,2.116,0.912,NA,,0.56899811,PEOB1 001.tif,1149010,32.42761556,6,N,NA,NA,NA,540.4602593,540.4602593,0.26,0.25,0.29,35.556596,
2,GOPO1,GOPO,,Gochnatia polymorpha,,Scan,NA,7.201,4.014,NA,,0.44257742,,,0,,,,NA,NA,,,0.47,0.52,0.48,0,Formerly labeled MABR1; now GOPO1
3,TAOC2,TAOC,,Tabebuia ochracea,,Scan,NA,8.377,4.088,NA,,0.511997135,TAOC2.tif,4227247,119.3023042,2,Y,10,NA,NA,1193.023042,5965.115211,0.39,0.39,0.41,29.18353821,3 leaves
4,TAOC1,TAOC,,Tabebuia ochracea,,Scan,NA,11.975,4.277,NA,,0.642839248,TAOC1 001.tif,3046626,85.982556,3,Y,9,NA,NA,955.3617333,2866.0852,0.46,0.44,0.4,20.10347346,3 leaves [but two images labeled TAOC1; combined masses and leaf counts] [actually I didn't do this; I just threw out one sample - SF 072417]
5,SOLY1,SOLY,,Solanum lycocarpum,,Scan,NA,8.473,2.26,NA,,0.733270388,SOLY1 001.tif,2973418,83.91646356,5,N,NA,NA,NA,,,0.44,0.41,0.42,37.13117856,Labeled as only having 3 leaves; but 5 leaves in image. Not sure what's up
6,UNK1 1,CESE,,Cestrum sendtnerianum,,Scan,NA,1.797,0.586,NA,,0.673900946,Unk1-1 001.tif,1258028,90.18103828,5,N,NA,NA,NA,1803.620766,1803.620766,0.21,0.18,0.2,153.8925568,
7,Annona1 4,ANCR,,Annona crassiflora,,Scan,NA,9.335,4.168,NA,,0.553508302,Annona 1-4 001.tif,3527690,252.8804978,5,N,NA,NA,NA,5057.609956,5057.609956,0.3,0.31,0.34,60.67190447,Leaf thicknesses measured wrong
8,MYTO?1,MYTO,,Myrcia tomentosum,,Scan,NA,2.488,1.132,NA,,0.545016077,MYTOquestion1.tif,1122031,80.43216888,5,N,NA,NA,NA,1608.643378,1608.643378,0.44,0.37,0.48,71.05315272,
9,DIBU2,DIBU,,Diospyros burchelli,,Scan,NA,17.48,8.6,NA,,0.508009153,DIBU2 001.tif and DIBU2 002.tif,5114014,366.5952525,3,N,NA,NA,NA,12219.84175,12219.84175,0.7,0.67,0.52,42.62735494,2 images
10,ERSU3,ERSU,,Erythroxylem suberosum,,Scan,NA,3.972,1.874,NA,,0.528197382,,2842322,203.7502735,5,N,NA,NA,NA,4075.00547,4075.00547,0.31,NA,NA,108.7247991,
11,Annona3 2,ANCO,,Annona coriacea,,Scan,NA,10.658,4.44,NA,,0.583411522,Annona 3-2 001.tif,4128930,295.9800532,5,N,NA,NA,NA,5919.601064,5919.601064,0.42,0.45,0.52,66.66217414,
12,Annona2-1,ANDI,,Annona dioica,,Scan,NA,10.982,4.138,NA,,0.623201603,Annona 2-1 001.tif and Annona 2-1 002.tif,6300545,451.651068,5,N,NA,NA,NA,9033.02136,9033.02136,0.43,0.6,0.46,109.147189,2 images
13,STRO1,STRO,,Stryphnodendron rotundifolium,,Scan,NA,3.257,1.254,NA,,0.614983113,STRO1.tif,1957841,140.3467444,3,Y,286,NA,NA,49.07228825,4678.224813,0.15,0.14,0.22,111.9192539,
14,GOBA1,GOBA,,Gochnatia barrosii,,Scan,NA,4.532,2.489,NA,,0.450794351,GOBA1 001.tif,3833341,274.79092,5,N,NA,NA,NA,5495.818399,5495.818399,0.31,0.33,0.35,110.4021374,5 leaves; leaf thickness measured wrong
15,DIMO1,DIMO,,Dimorphandra mollis,,Scan,NA,13.959,6.319,NA,,0.547317143,DIMO1 001.tif and DIMO1 002.tif and DIMO1 003.tif,7321768,524.8568714,1,Y,780,NA,NA,67.28934249,52485.68714,0.15,0.19,0.15,83.06011575,3 images
16,DUFU1,DUFU,,Duguettia furfurea,,Scan,NA,5.932,3.199,NA,,0.46072151,,2208158,158.2905795,5,N,NA,NA,NA,3165.81159,3165.81159,0.33,0.28,0.32,49.48126898,
17,OUSP1,OUSP,,Ouratea spectabilis,,Scan,NA,5.113,2.291,NA,,0.551926462,,2706244,193.9955977,5,N,NA,NA,NA,3879.911953,3879.911953,0.52,0.47,0.43,84.67725782,
18,ERSU1,ERSU,,Erythroxylem suberosum,,Scan,NA,2.864,1.503,NA,,0.475209497,,1637283,117.3677223,5,N,NA,NA,NA,2347.354445,2347.354445,0.22,0.24,0.22,78.08897023,
19,MIAL1,MIAL,,Miconia albicans,,Scan,NA,7.983,4.267,NA,,0.465489164,,3180748,228.0101533,5,N,NA,NA,NA,4560.203066,4560.203066,0.47,0.5,0.51,53.43570501,
20,VOTU1,VOTU,,Vochysnia tucanorum,,Scan,NA,4.552,1.505,NA,,0.669376098,,1829019,131.1122109,6,N,NA,NA,NA,2185.203515,2185.203515,0.39,0.42,0.39,87.1177481,
21,KICO1,KICO,,Kielmera coriacea,,Scan,NA,9.45,3.106,NA,,0.671322751,,3648239,261.5219859,5,N,NA,NA,NA,5230.439718,5230.439718,0.3,0.31,0.33,84.1989652,
22,ERSU2,ERSU,,Erythroxylem suberosum,,Scan,NA,3.448,1.422,NA,,0.587587007,,1676946,120.2109424,5,N,NA,NA,NA,2404.218847,2404.218847,0.22,0.24,0.28,84.53652769,3 leaves
23,DIBU1,DIBU,,Diospyros burchelli,,Scan,NA,14.85,6.666,NA,,0.551111111,,6140960,440.211306,5,N,NA,NA,NA,8804.226119,8804.226119,0.39,0.36,0.35,66.03829972,2 images; leaf thickness recorded incorrectly
24,MAAC1,MAAC,,Machaerium acutifolium,,Scan,NA,1.835,1.048,NA,,0.428882834,,1488318,106.689249,1,Y,13,NA,NA,820.6865307,10668.9249,0.19,0.17,0.21,101.8027185,1 compound leaf
25,DIMO2,DIMO,,Dimorphandra mollis,,Scan,NA,10.351,4.755,NA,,0.540624094,DIMO2 001.tif and DIMO2 002.tif,5493956,393.8311837,1,Y,666.6666667,NA,NA,59.07467755,39383.11837,0.2,0.31,0.21,82.8246443,2 images
26,TOFO1,TOFO,,Tocoyena formosa,,Scan,NA,8.664,4.204,NA,,0.514773777,,4241897,304.0780298,3,N,NA,NA,NA,10135.93433,10135.93433,1.15,1.11,0.9,72.33064459,
27,DUFU2,DUFU,,Duguettia furfurea,,Scan,NA,4.116,2.362,NA,,0.426141885,,1584677,113.5966904,5,N,NA,NA,NA,2271.933807,2271.933807,0.32,0.31,0.4,48.09343369,
28,QUGR1,QUGR,,Qualea grandiflora,,Scan,NA,13.834,6.86,NA,,0.504120283,,4009355,287.4083858,3,N,NA,NA,NA,9580.279525,9580.279525,0.48,0.41,0.52,41.89626615,
29,Annona1 1,ANCR,,Annona crassiflora,,Scan,NA,10.013,4.465,NA,,0.554079696,,4067146,291.5511015,5,N,NA,NA,NA,5831.02203,5831.02203,0.34,0.31,0.33,65.29699921,
30,Annona1 3,ANCR,,Annona crassiflora,,Scan,NA,7.5,3.236,NA,,0.568533333,,3073723,220.3381256,5,N,NA,NA,NA,4406.762513,4406.762513,0.35,0.35,0.36,68.08965563,
31,Annona 1 2,ANCR,,Annona crassiflora,,Scan,NA,6.605,2.858,NA,,0.567297502,,3011132,215.8513246,5,N,NA,NA,NA,4317.026491,4317.026491,0.32,0.33,0.35,75.52530601,
32,LEEL1,LEEL,,Leptolobium elegans,,Scan,NA,3.37,1.409,NA,,0.58189911,,1768120,126.7466999,4,Y,31,NA,NA,408.8603223,3168.667498,0.24,0.27,0.28,89.95507446,
33,MAAC3,MAAC,,Machaerium acutifolium,,Scan,NA,8.904,4.348,NA,,NA,MAAC3.tif,5318167,381.2298469,2,Y,30,NA,NA,1270.766156,19061.49234,0.22,0.21,0.21,87.6793576,
34,OCCO3,OCCO,,Ocotea corymbosa,,Scan,NA,1.076,0.618,NA,,0.425650558,,594170,42.59274636,5,N,NA,NA,NA,851.8549271,851.8549271,0.26,0.24,0.23,68.92030155,
35,TACA5,TACA,,Tabernaemontana catherinensis,,Scan,NA,2.25,0.858,NA,,0.618666667,,1256063,90.04017834,5,N,NA,NA,NA,1800.803567,1800.803567,0.26,0.23,0.25,104.9419328,5 leaves
36,TACA4,TACA,,Tabernaemontana catherinensis,,Scan,NA,1.23,0.362,NA,,0.705691057,,599050,42.94256644,5,N,NA,NA,NA,858.8513289,858.8513289,0.33,0.27,0.27,118.6258742,5 leaves
37,ERCU3,ERCU,,Erythroxylem cuneifolium,,Scan,NA,0.739,0.384,NA,,0.48037889,ERCU3.tiff,446363,31.99728368,29,,NA,NA,NA,110.335461,110.335461,0.34,0.24,0.2,83.32625957,
38,OCCO2,OCCO,,Ocotea corymbosa,,Scan,NA,1.933,1.088,NA,,0.437144335,,1020875,73.18085722,5,N,NA,NA,NA,1463.617144,1463.617144,0.25,0.24,0.26,67.2618173,
39,ERSU5,ERSU,,Erythroxylem suberosum,,Scan,NA,4.325,2.036,NA,,0.529248555,ERSU5 dup.tif,1757077,125.9550886,5,N,NA,NA,NA,2519.101772,2519.101772,0.36,0.35,0.3,61.86399243,bag labeled ERSU5? -- this must be an extra sample from ERSU5. Check in field for duplicate ERSU5
40,JACAR1-1,JACA,,Jacaranda caroba,,Scan,NA,5.039,2.093,NA,,0.584639809,JACAR1 1.tif,3552513,254.6599208,2,Y,234,NA,NA,108.829026,12732.99604,0.2,0.16,0.16,121.672203,
41,ZARH1,ZARH,,Zanthoxylem rhoifolium,,Scan,NA,2.682,1.286,NA,,0.520507084,ZARH1.tif,1543821,110.6679507,4,Y,53,NA,NA,208.8074542,2766.698768,0.16,0.22,0.21,86.05594923,
42,STRO3,STRO,,Stryphnodendron rotundifolium,,Scan,NA,13.607,5.44,NA,,0.600205776,STRO3 image 1.tif and STRO3 image 2.tif,5556527,398.316551,2,Y,480,NA,NA,82.9826148,19915.82755,0.14,0.14,0.15,73.21995423,"bag labeled ""STRO"" with contents of 19.035 g of leaf, labeled with Seth's handwriting"
43,AEVE3,AEVE,,Aegiphila verticillata,,Scan,NA,10.1,3.568,NA,,0.646732673,,3937831,282.2812276,7,N,NA,NA,NA,4032.588965,4032.588965,0.26,0.34,0.28,79.11469382,
44,MAAC4,MAAC,,Machaerium acutifolium,,Scan,NA,4.648,2.32,NA,,0.500860585,MAAC4.tif,2839769,203.5672631,2,Y,30,NA,NA,678.5575437,10178.36316,0.19,0.19,0.22,87.74450996,
45,JACAR1-2,JACA,,Jacaranda caroba,,Scan,NA,3.728,1.675,NA,,0.550697425,JACAR1 2.tif,2603951,186.6627808,1,,198,NA,NA,94.27413171,18666.27808,0.16,0.12,0.13,111.4404661,
46,MYFA1,MYFA,,Myrcia fallax,,Scan,NA,3.362,2.06,NA,,0.387269482,MYFA1.tif,2334389,167.3393786,75,,NA,NA,NA,223.1191714,223.1191714,0.26,0.23,0.24,81.23270805,
47,CASY1,CASY,,Casearia sylvestris,,Scan,NA,2.606,1.06,NA,,0.593246355,,1492268,106.9724025,14,N,NA,NA,NA,764.0885896,764.0885896,0.16,0.17,0.21,100.9173609,
48,MAAC2,MAAC,,Macharium acutifolium,,Scan,NA,3.747,1.919,NA,,0.487856952,,2402723,172.2378634,2,Y,19,NA,NA,906.5150706,8611.89317,0.21,0.23,0.24,89.75396738,
49,MAEL2,MAEL,,Matayba eleagnoides,,Scan,NA,12.606,5.748,NA,,0.544026654,MAEL2 image 1.tiff and MAEL2 image 2.tiff,5040091,361.2961233,2,Y,25,NA,NA,1445.184493,18064.80616,0.28,0.31,0.33,62.85597134,
50,MYRCIA 1-1,MYTO,,Myrcia tomentosa,,Scan,NA,0.893,0.468,NA,,0.475923852,,529271,37.9404976,5,N,NA,NA,NA,758.8099519,758.8099519,0.25,0.23,0.22,81.06943931,
51,ANNONA3-1,ANCO,,Annona coriacea,,Scan,NA,8.653,2.913,NA,,0.66335375,,2437307,174.7169982,5,N,NA,NA,NA,3494.339965,3494.339965,0.48,0.5,0.51,59.97837221,
52,AEVE1,AEVE,,Aegiphila verticillata,,Scan,NA,NA,5.25,NA,,NA,AEVE1.tiff,4506815,323.0685295,10,N,NA,NA,NA,3230.685295,3230.685295,0.28,0.36,0.37,61.53686276,
53,DUFU3,DUFU,,Duguettia furfurea,,Scan,NA,6.368,3.09,NA,,0.514761307,DUFU3.tiff,2296294,164.6085597,5,,NA,NA,NA,3292.171193,3292.171193,0.35,0.33,0.31,53.27137853,
54,MYFE1,RAFE,,Rapanea ferruginea,,Scan,NA,3.077,1.04,NA,,0.66200845,MYFE1.tiff,1647568,118.1049968,5,N,NA,NA,NA,2362.099935,2362.099935,0.25,0.24,0.26,113.5624969,Changed code to RAFE
55,BADR1,BADR,,Baccharis dracunculifolia,,Scan,NA,0.303,0.09,NA,,0.702970297,BADR1.tiff,257690,18.47236449,43,N,NA,NA,NA,42.95898718,42.95898718,0.16,0.15,0.14,205.2484943,
56,MABR1,MABR,,Machaerium brasiliense,,Scan,NA,2.948,1.427,NA,,0.515943012,MABR1.tif,5006121,358.8610027,2,Y,17,NA,NA,2110.947075,17943.05014,0.19,0.18,0.21,251.4793292,
57,STCA1,STCA,,Styrax camporum,,Scan,NA,1.335,0.588,NA,,0.559550562,,671407,48.12943779,5,N,NA,NA,NA,962.5887558,962.5887558,0.25,0.26,0.29,81.85278536,Old name STFE?1
58,Unk1 2,CESE,,Cestrum sendtnerianum,,Scan,NA,1.083,0.264,NA,,0.756232687,Unk1-2.tiff,711777,51.02333881,5,N,NA,NA,NA,1020.466776,1020.466776,0.15,0.12,0.14,193.2702228,
59,STCA4,STCA,,Styrax camporum,,Scan,NA,3.292,1.485,NA,,0.54890644,STCA4.tif,1512675,108.435267,5,,NA,NA,NA,2168.70534,2168.70534,0.19,0.26,0.2,73.02038182,old name STFE4
60,MYFE2,MYFE,,Myrcine ferruginea,,Scan,NA,1.96,0.725,NA,,0.630102041,,1129559,80.97180938,5,,NA,NA,NA,1619.436188,1619.436188,0.22,0.23,0.17,111.6852543,
61,Annona1 6,ANCR,,Annona crassiflora,,Scan,NA,6.954,3.004,NA,,0.568018407,Annona1 6,2523737,180.9126848,7,N,NA,NA,NA,2584.466925,2584.466925,0.36,0.39,0.34,60.22392968,
62,Annona2 2,ANDI,,Annona dioica,,Scan,NA,11.929,4.292,NA,,0.640204544,Annona2 2,5563556,398.820421,4,N,NA,NA,NA,9970.510525,9970.510525,0.54,0.54,0.49,92.92181291,
63,OCCO1,OCCO,,Ocotea corymbosa,,Scan,NA,1.382,0.665,NA,,0.518813314,,670325,48.05187522,5,,NA,NA,NA,961.0375044,961.0375044,0.22,0.23,0.21,72.25845898,
64,TAOC2,TAOC,,Tabebuia ochracea,,Scan,NA,11.45,5.783,NA,,0.494934498,,3637993,260.7875071,3,Y,9,NA,NA,2897.638968,8692.916903,0.47,0.35,0.37,45.09553988,Might be TAOC3??? [used scan leaf data from second TAOC1 scan][Remove this extra sample; not sure what went wrong here -- SF 072417]
65,ERSU5,ERSU,,Erythroxylem suberosum,,Scan,NA,3.79,1.745,NA,,0.539577836,ERSU5.tiff,1625872,116.5497311,5,,NA,NA,NA,2330.994621,2330.994621,0.33,0.31,0.33,66.79067682,real
66,AEVE2,AEVE,,Aegiphila verticillata,,Scan,NA,7.351,2.162,NA,,0.705890355,AEVE2.tiff,2842828,203.7865458,5,,NA,NA,NA,4075.730917,4075.730917,0.34,0.36,0.4,94.25834682,
67,TACA1,TACA,,Tabernaemontana catherinensis,,Scan,NA,2.252,0.743,NA,,0.670071048,,1019055,73.05039153,5,N,NA,NA,NA,1461.007831,1461.007831,0.21,0.2,0.21,98.31815819,
68,MYTO?2,MYTO,,Myrcia tomensosa?,,Scan,NA,2.565,1.212,NA,,0.52748538,MYTOquestion2.tif,1223585,87.71201096,5,N,NA,NA,NA,1754.240219,1754.240219,0.22,0.28,0.22,72.369646,
69,ERCU1,ERCU,,Erythroxylem cuneifolium,,Scan,NA,0.435,0.182,NA,,0.581609195,ERCU1.tiff,303119,21.72891712,23,N,NA,NA,NA,94.47355268,94.47355268,0.2,0.2,0.18,119.3896545,
70,PEOB2,PEOB,,Pera obovata,,Scan,NA,1.461,0.619,NA,,0.576317591,PEOB2.tiff,785658,56.31945725,5,,NA,NA,NA,1126.389145,1126.389145,0.25,0.22,0.22,90.98458361,
71,CAAD1,CAAD,,Campomanesia adamantium,,Scan,NA,1.866,0.97,NA,,0.48017149,CAAD1.tiff,721954,51.7528714,5,N,NA,NA,NA,1035.057428,1035.057428,0.35,0.39,0.33,53.35347567,
72,STRO2,STRO,,Stryphnodendron rotundifolium,,Scan,NA,7.722,2.778,NA,,0.64024864,,3143247,225.3219149,1,Y,232,NA,NA,97.12151506,22532.19149,0.25,0.22,0.19,81.10940063,
73,MAEL1,MAEL,,Matayba eleagnoides,,Scan,NA,6.645,2.844,NA,,0.572009029,MAEL1,3435595,246.2787189,2,Y,21,NA,NA,1172.755804,12313.93595,0.17,0.19,0.18,86.59589273,
74,STRO4,STRO,,Stryphnodendron rotundifolium,,Scan,NA,8.033,3.548,NA,,0.558321922,STRO4 image 1.tiff STRO4 image 2.tiff,4202848,301.278824,2,Y,314,NA,NA,95.94867005,15063.9412,0.18,0.18,0.16,84.91511386,
75,CABR1,CABR,,Caryocar brasiliensis,,Scan,NA,11.63,4.023,NA,,0.654084265,CABR1.tif,3779584,270.9373793,1,Y,3,NA,NA,9031.245976,27093.73793,0.48,0.37,0.48,67.347099,
76,STCA3,STCA,,Styrax camporum,,Scan,NA,3.769,1.62,NA,,0.570177766,STCA3.tif,1669634,119.6867857,5,N,NA,NA,NA,2393.735714,2393.735714,0.32,0.28,0.24,73.88073192,Old name STFE3
77,TACA2,TACA,,Tabernaemontana catherinensis,,Scan,NA,3.099,1.038,NA,,0.665053243,,1465883,105.0810085,5,N,NA,NA,NA,2101.62017,2101.62017,0.21,0.15,0.21,101.2341122,
78,PEOB3,PEOB,,Pera obovata,,Scan,NA,4.022,1.749,NA,,0.565141721,PEOB3.tiff,1872299,134.2147136,5,N,NA,NA,NA,2684.294273,2684.294273,0.25,0.26,0.3,76.73797235,
79,Annona1 7,ANCR,,Annona crassiflora,,Scan,NA,17.971,6.898,NA,,0.616159368,Annona1-7.tiff,6113830,438.266507,5,N,NA,NA,NA,8765.33014,8765.33014,0.35,0.35,0.35,63.5353011,
80,DIMO3,DIMO,,Dimorphandra mollis,,Scan,NA,16.07,5.61,NA,,0.650902302,DIMO3 image 1.tiff and DIMO3 image 2.tiff,5988538,429.2850196,1,Y,877,NA,NA,48.94926107,42928.50196,0.2,0.17,0.18,76.52139386,
81,STCA2,STCA,,Styrax camporum,,Scan,NA,4.424,2.127,NA,,0.519213382,,2117079,151.761632,5,N,NA,NA,NA,3035.232639,3035.232639,0.25,0.29,0.28,71.35008555,Old name STFE2
82,ERSU4,ERSU,,Erythroxylem suberosum,,Scan,NA,4.716,1.79,NA,,0.620441052,ERSU4.tiff,1921518,137.7429503,5,N,NA,NA,NA,2754.859006,2754.859006,0.29,0.29,0.27,76.95136889,labeled ERSU4
83,TACA3,TACA,,Tabernaemontana catherinensis,,Scan,NA,1.273,0.424,NA,,0.666928515,,627174,44.95861976,5,N,NA,NA,NA,899.1723952,899.1723952,0.16,0.19,0.17,106.0344806,5 leaves
84,VOTU2,VOTU,,Vochysia tucanorum,,Scan,NA,5.851,2.075,NA,,0.645359768,VOTU2,2108728,151.1629952,5,N,NA,NA,NA,3023.259903,3023.259903,0.35,0.32,0.37,72.84963622,
85,ERCU2,ERCU,,Erythroxylem cuneifolium,,Scan,NA,0.278,0.103,NA,,0.629496403,ERCU2.tiff,184133,13.19947181,28,N,NA,NA,NA,47.14097075,47.14097075,0.25,0.2,0.22,128.1502117,
86,GOBA2,GOBA,,Gochnetia barrosii,,Scan,NA,5.932,2.54,NA,,0.571813891,GOBA2.tiff,3170246,227.2573233,5,N,NA,NA,NA,4545.146465,4545.146465,0.48,0.53,0.45,89.47138711,
87,DIBU3,DIBU,,Diospyros burchelli,,Scan,NA,20.841,8.722,NA,,0.581498009,DIBU3 image 1 and DIBU3 image 2,6446908,462.1430184,4,,NA,NA,NA,11553.57546,11553.57546,0.49,0.48,0.47,52.98589984,"labeled ""DIBU3?"""
88,QUGR2,QUGR,,Qualea grandiflora,,Scan,NA,NA,5.102,NA,,NA,QUGR2.tiff,4567774,327.4383415,5,,NA,NA,NA,6548.766831,6548.766831,0.23,0.29,0.32,64.17842837,
89,CABR2,CABR,,Caryocar brasiliensis,,Scan,NA,NA,4.433,NA,,NA,CABR2.tif,3449869,247.3019427,1,Y,3,NA,NA,8243.398089,24730.19427,0.45,0.43,0.49,55.78658756,
90,RALI-A,RALI,,Rapanea lancifolia,,Punch,,NA,,,0,NA,NA,,0,NA,N,NA,79,18.5,1147.859416,1147.859416,0.27,0.29,0.2,#DIV/0!,Tree 5075
91,GOPO-A,GOPO,,Gochnetia polymorpha,,Punch,,NA,,,0,NA,NA,,0,NA,N,NA,62.69,41.3,2033.472029,2033.472029,0.41,0.43,0.36,#DIV/0!,Tree 5101
92,TAGU-A,TAGU,,Taparira guianensis,,Punch,,NA,,,0,NA,NA,,0,NA,Y,7.5,111.08,40.9,3568.198945,26761.49209,0.24,0.24,0.24,#DIV/0!,Tree 1243
93,CAAD-A,CAAD,,Campomanesia adamantium,,Punch,,NA,,,0,NA,NA,,0,NA,N,NA,52.94,19.85,825.3427286,825.3427286,0.22,0.23,0.23,#DIV/0!,Tree 5155
94,MAAC-A,MAAC,,Macharium acutifolium,,Punch,,NA,,,0,NA,NA,,0,NA,Y,15,88.6,35.5,2470.312843,37054.69265,0.23,0.23,0.22,#DIV/0!,Tree 1159
95,OCCO-A,OCCO,,Ocotea corymbosa,,Punch,,NA,,,0,NA,NA,,0,NA,N,NA,61.5,36.5,1763.022527,1763.022527,0.34,0.29,0.25,#DIV/0!,Tree 5108
96,OCCO-B,OCCO,,Ocotea corymbosa,,Punch,,NA,,,0,NA,NA,,0,NA,N,NA,77.3,24.36,1478.926733,1478.926733,0.25,0.27,0.28,#DIV/0!,Tree 1215
97,OUSP-A,OUSP,,Ouratea spectabilis,,Punch,,NA,,,0,NA,NA,,0,NA,N,NA,181.5,81.51,11619.23148,11619.23148,0.65,0.48,0.56,#DIV/0!,Tree 5068
98,OUSP-B,OUSP,,Ouratea spectabilis,,Punch,,NA,,,0,NA,NA,,0,NA,N,NA,110.8,53.54,4659.164118,4659.164118,0.37,0.39,0.47,#DIV/0!,Tree 5135
99,LEEL-A,LEEL,,Leptolobium elegans,,Punch,,NA,,,0,NA,NA,,0,NA,Y,9,54.92,23.98,1034.35493,9309.194369,0.29,0.28,0.33,#DIV/0!,Tree 1564
100,PLPO-A,PLPO,,Plenckia populnea,,Punch,,NA,,,0,NA,NA,,0,NA,N,NA,99.56,67.07,5244.487754,5244.487754,0.26,0.22,0.25,#DIV/0!,Tree 1559
101,TAGU-B,TAGU,,Taparira guianensis,,Punch,,NA,,,0,NA,NA,,0,NA,Y,8,86.4,32.05,2174.861762,17398.8941,0.25,0.21,0.22,#DIV/0!,Tree 1513
102,OCPU-A,OCPU,,Ocotea pulchella,,Punch,,NA,,,0,NA,NA,,0,NA,N,NA,53,25,1040.652567,1040.652567,0.24,0.24,0.25,#DIV/0!,Tree 5177
103,LEEL-B,LEEL,,Leptolobium elegans,,Punch,,NA,,,0,NA,NA,,0,NA,Y,9,48.8,23.17,888.0465618,7992.419056,0.24,0.25,0.24,#DIV/0!,Tree 1173
104,MILI-A,MILI,,Miconia ligustroides,,Punch,,NA,,,0,NA,NA,,0,NA,N,NA,63.85,24.09,1208.057436,1208.057436,0.2,0.25,0.25,#DIV/0!,Tree 1238
105,MILI-B,MILI,,Miconia ligustroides,,Punch,,NA,,,0,NA,NA,,0,NA,N,NA,68.07,31.84,1702.231767,1702.231767,0.34,0.32,0.29,#DIV/0!,Tree 1620
106,BYBA-A,BYBA,,Byrsonima basiloba,,Punch,,NA,,,0,NA,NA,,0,NA,N,NA,182.82,97.4,13985.32434,13985.32434,0.5,0.48,0.5,#DIV/0!,Tree 1052
107,VOTU3,VOTU,3,Vochysia tucanorum,,Punch,,NA,,,0,NA,NA,,0,NA,N,NA,80.5,43.58,2755.325983,2755.325983,0.23,0.29,0.28,#DIV/0!,Tree 8355 -- not labeled in field
108,SCVI-A,SCVI,,Schefflera vinosa,,Punch,,NA,,,0,NA,NA,,0,NA,Y,7,115.08,24.84,2245.129137,15715.90396,0.35,0.35,0.34,#DIV/0!,Tree 5091
109,LEEL-C,LEEL,,Leptolobium elegans,,Punch,,NA,,,0,NA,NA,,0,NA,Y,9,58.69,25.94,1195.704772,10761.34295,0.29,0.3,0.33,#DIV/0!,Tree 1565
110,PLPO-B,PLPO,,Plenckia populnea,,Punch,,NA,,,0,NA,NA,,0,NA,N,NA,66.17,52.17,2711.264282,2711.264282,0.25,0.24,0.26,#DIV/0!,Tree 8330
111,RAFE-A,RAFE,,Rapanea ferruginea,,Punch,,NA,,,0,NA,NA,,0,NA,N,NA,82.46,19.32,1251.239177,1251.239177,0.21,0.2,0.19,#DIV/0!,Tree 1195
112,RAUM-A,RAUM,,Rapanea umbellata,,Punch,,NA,,,0,NA,NA,,0,NA,N,NA,120.7,47.5,4502.88402,4502.88402,0.4,0.37,0.39,#DIV/0!,Tree 5024
113,ANCR-A,ANCR,,Annona crassiflora,,Punch,,NA,,,0,NA,NA,,0,NA,N,NA,69.35,55.86,3042.546877,3042.546877,0.36,0.39,0.38,#DIV/0!,Tree 1324
114,RAUM-B,RAUM,,Rapanea umbellata,,Punch,,NA,,,0,NA,NA,,0,NA,N,NA,61.74,18.75,909.1965489,909.1965489,0.43,0.44,0.42,#DIV/0!,Tree 1057
115,VOTU-A,VOTU,,Vochysia tucanorum,,Punch,,NA,,,0,NA,NA,,0,NA,N,NA,78.91,34,2107.176149,2107.176149,0.31,0.26,0.29,#DIV/0!,Tree 8340
116,ZEMO-A,ZEMO,,Zeyheria montana,,Punch,,NA,,,0,NA,NA,,0,NA,Y,5,115.87,40.86,3718.426921,18592.1346,0.43,0.44,0.4,#DIV/0!,Tree 1197
117,MYFA-A,MYFA,,Myrcia fallax,,Punch,,NA,,,0,NA,NA,,0,NA,N,NA,27.9,11.12,243.6682094,243.6682094,0.26,0.26,0.24,#DIV/0!,Tree 1665
118,OCCO-C,OCCO,,Ocotea corymbosa,,Punch,,NA,,,0,NA,NA,,0,NA,N,NA,81.29,30.49,1946.634559,1946.634559,0.28,0.26,0.26,#DIV/0!,Tree 5096
119,CALU-A,CALU,,Calyptranthes lucida,,Punch,,NA,,,0,NA,NA,,0,NA,N,NA,63.88,27.02,1355.626761,1355.626761,0.45,0.38,0.4,#DIV/0!,Tree 5085
120,MAEL-A,MAEL,,Matayba eleagnoides,,Punch,,NA,,,0,NA,NA,,0,NA,Y,7,89.7,32,2254.406888,15780.84822,0.34,0.32,0.34,#DIV/0!,Tree 1362
121,AEVE-A,AEVE,,Aegiphila verticillata,,Punch,,NA,,,0,NA,NA,,0,NA,N,NA,135.05,52,5515.537142,5515.537142,0.35,0.33,0.27,#DIV/0!,Tree 5105
122,MILI3,MILI,,Miconia ligustroides,,Punch,,NA,,,0,NA,NA,,0,NA,N,NA,56.03,29,1276.169914,1276.169914,0.2,0.19,0.19,#DIV/0!,
123,TAGU-C,TAGU,,Taparira guianensis,,Punch,,NA,,,0,NA,NA,,0,NA,Y,9,76.34,26.9,1612.851257,14515.66131,0.28,0.27,0.27,#DIV/0!,Tree 1533
124,MYMU1,MYMU,,Myrcia multiflora,,Punch,,NA,,,0,NA,NA,,0,NA,N,NA,29.15,15.78,361.272945,361.272945,0.17,0.18,0.18,#DIV/0!,
125,TAGU3,TAGU,,Taparira guianensis,,Punch,,NA,,,0,NA,NA,,0,NA,Y,5,77.82,17.79,1087.319197,5436.595987,0.2,0.21,0.19,#DIV/0!,
126,MYLI2,MYLI,,Myrcia lingua,,Punch,,NA,,,0,NA,NA,,0,NA,N,NA,79.23,25.92,1612.926341,1612.926341,0.36,0.38,0.31,#DIV/0!,
127,MYLI3,MYLI,,Myrcia lingua,,Punch,,NA,,,0,NA,NA,,0,NA,N,NA,86.21,24.76,1676.47919,1676.47919,0.37,0.34,0.37,#DIV/0!,
128,OCPU2,OCPU,,Ocotea pulchella,,Punch,,NA,,,0,NA,NA,,0,NA,N,NA,40.75,21.14,676.5851748,676.5851748,0.34,0.35,0.35,#DIV/0!,
129,MYFE2,RAFE,,Rapanea ferruginea,,Punch,,NA,,,0,NA,NA,,0,NA,N,NA,106.55,29.24,2446.925257,2446.925257,0.26,0.24,0.22,#DIV/0!,Labeled MYFE1 in field. Changed code to RAFE.
130,MYLI1,MYLI,,Myrcia lingua,,Punch,,NA,,,0,NA,NA,,0,NA,N,NA,90.13,45.33,3208.81716,3208.81716,0.35,0.32,0.35,#DIV/0!,
131,OCPU3,OCPU,,Ocotea pulchella,,Punch,,NA,,,0,NA,NA,,0,NA,N,NA,52.17,22.43,919.0518036,919.0518036,0.33,0.31,0.27,#DIV/0!,
132,COLA1,COLA,,Copaifera langsdorffi,,Punch,,NA,,,0,NA,NA,,0,NA,Y,7,54.32,23.5,1002.576464,7018.035245,0.16,0.14,0.15,#DIV/0!,
133,SCVI2,SCVI,,Schefflera vinosa,,Punch,,NA,,,0,NA,NA,,0,NA,Y,7,91.67,25.01,1800.656215,12604.59351,0.35,0.35,0.35,#DIV/0!,
134,MYMU2,MYMU,,Myrcia multiflora,,Punch,,NA,,,0,NA,NA,,0,NA,N,NA,21.95,11.17,192.5650998,192.5650998,0.18,0.19,0.19,#DIV/0!,
135,MYFA4,MYFA,,Myrcia fallax,,Punch,,NA,,,0,NA,NA,,0,NA,N,NA,34.43,12.5,338.0157346,338.0157346,0.3,0.27,0.26,#DIV/0!,
136,LEEL5,LEEL,,Leptolobium elegans,,Punch,,NA,,,0,NA,NA,,0,NA,Y,11,45.93,20.4,735.896088,8094.856968,0.33,0.34,0.34,#DIV/0!,
137,CABR3,CABR,,Caryocar brasiliensis,,Punch,,NA,,,0,NA,NA,,0,NA,Y,3,95.78,89.14,6705.595373,20116.78612,0.49,0.43,0.42,#DIV/0!,Labeled CABR2 in field (in square)
138,STFE1,STFE,,Styrax ferrugineus,,Punch,,NA,,,0,NA,NA,,0,NA,N,NA,106.09,41.25,3437.06926,3437.06926,0.5,0.47,0.45,#DIV/0!,
139,RAUM3,RAUM,,Rapanea umbellata,,Punch,,NA,,,0,NA,NA,,0,NA,N,NA,39.48,19.06,591.0033215,591.0033215,0.31,0.31,0.31,#DIV/0!,Looks like a different species?
140,MYLI4,MYLI,,Myrcia lingua,,Punch,,NA,,,0,NA,NA,,0,NA,N,NA,124.11,40.31,3929.24813,3929.24813,0.34,0.36,0.33,#DIV/0!,
141,OCPU1,OCPU,,Ocotea pulchella,,Punch,,NA,,,0,NA,NA,,0,NA,N,NA,54.25,26.02,1108.656266,1108.656266,0.27,0.25,0.27,#DIV/0!,
142,ERCU4,ERCU,,Erythroxylem cuneifolium,,Punch,,NA,,,0,NA,NA,,0,NA,N,NA,18.93,8.9,132.3215264,132.3215264,0.19,0.13,0.14,#DIV/0!,Tree 5131
143,OUSP-C,OUSP,,Ouratea spectabilis,,Punch,,NA,,,0,NA,NA,,0,NA,N,NA,106.97,60.5,5082.849513,5082.849513,0.33,0.31,0.33,#DIV/0!,Tree 5086
144,SIGU1,SIGU,1,Siparuna guanensis,,Punch,9.7,NA,0.082,14,10.34573585,NA,NA,,0,NA,N,NA,198.56,68.7,10713.6729,10713.6729,0.24,0.25,0.24,126.1675103,
145,STPO???,STPO???,,Styrax pohlii???,,Punch,9.7,NA,0.052,10,7.389811319,NA,NA,,0,NA,N,NA,137.45,49.82,5378.217342,5378.217342,0.25,0.23,0.25,142.1117561,
146,KICO4,KICO,4,Kielmera coriacea,,Punch,9.7,NA,0.117,12,8.867773583,NA,NA,,0,NA,N,NA,145.96,23.41,2683.64552,2683.64552,0.41,0.38,0.4,75.79293661,
147,PLPO3,PLPO,3,Plenckia populnea,,Punch,,NA,,,0,NA,NA,,0,NA,N,NA,88.13,54.29,3757.798538,3757.798538,0.31,0.28,0.27,#DIV/0!,
148,SCVI4,SCVI,4,Schefflera vinosa,,Punch,9.7,NA,0.099,10,7.389811319,NA,NA,,0,NA,Y,7,115.26,34.85,3154.795982,22083.57187,0.37,0.39,0.38,74.64455878,
149,OCPU5,OCPU,5,Ocotea pulchella,,Punch,7.1,NA,0.093,15,5.938788213,NA,NA,,0,NA,N,NA,41.75,16.22,531.8598553,531.8598553,0.3,0.26,0.26,63.85793777,
150,ERCU5,ERCU,5,Erythroxylem cuneifolium,,Punch,7.1,NA,0.047,11,4.355111356,NA,NA,,0,NA,N,NA,10.5,3.96,32.65685563,32.65685563,0.19,0.18,0.16,92.66194374,
151,MILI4,MILI,4,Miconia ligustroides,,Punch,7.1,NA,0.1,18,7.126545855,NA,NA,,0,NA,N,NA,55.88,26.31,1154.694579,1154.694579,0.27,0.32,0.23,71.26545855,
152,CABR5,CABR,5,Caryocar brasiliensis,,Punch,9.7,NA,0.074,10,7.389811319,NA,NA,,0,NA,Y,3,88.4,68.85,4780.200258,14340.60077,0.42,0.4,0.42,99.86231513,
153,TOFO3,TOFO,3,Tocoyena formosa,,Punch,9.7,NA,0.092,12,8.867773583,NA,NA,,0,NA,N,NA,137.26,73.47,7920.341653,7920.341653,0.57,0.55,0.63,96.3888433,
154,Unk. Fab,BARU,,Bauhinia rufus,,Punch,,NA,,,0,NA,NA,,0,NA,N,NA,84.81,81.89,5454.661637,5454.661637,0.46,0.39,0.5,#DIV/0!,"Labeled as ""Unk Fab."" in field. Is actually BARU -- need to change"
155,BOVI2,BOVI,2,Bowdichia virgilioides,,Punch,,NA,,,0,NA,NA,,0,NA,Y,17,60.96,21.16,1013.095772,17222.62813,0.31,0.28,0.27,#DIV/0!,
156,SOLY3,SOLY,3,Solanum lycocarpum,,Punch,,NA,,,0,NA,NA,,0,NA,N,NA,205.56,76.88,12412.0028,12412.0028,0.46,0.49,0.48,#DIV/0!,
157,SOLY2,SOLY,2,Solanum lycocarpum,,Punch,,NA,,,0,NA,NA,,0,NA,N,NA,200.86,88.84,14014.96087,14014.96087,0.49,0.48,0.48,#DIV/0!,
158,AMIN3,AMIN,3,Amaioua intermedia,,Punch,,NA,,,0,NA,NA,,0,NA,N,NA,125.88,41.69,4121.720239,4121.720239,0.21,0.18,0.21,#DIV/0!,Labeled FAMO1 in field
159,ANCO3,ANCO,3,Annona coreacea,,Punch,,NA,,,0,NA,NA,,0,NA,N,NA,91.41,63.9,4587.588427,4587.588427,0.41,0.42,0.43,#DIV/0!,
160,STFE3,STFE,3,Styrax ferrugineus,,Punch,,,,,0,,,,0,NA,N,NA,90.05,53.19,3761.868314,3761.868314,0.48,0.44,0.43,#DIV/0!,
161,STFE2,STFE,2,Styrax ferrugineus,,Punch,,,,,0,,,,0,NA,N,NA,72.83,37.02,2117.564296,2117.564296,0.42,0.4,0.39,#DIV/0!,
162,CASY2,CASY,2,Casearia sylvestris,,Punch,,,,,0,,,,0,NA,N,NA,57.8,23.06,1046.832079,1046.832079,0.23,0.23,0.23,#DIV/0!,
163,PRHE1,PRHE,1,Protium heptaphyllum,,Punch,9.7,,0.054,10,7.389811319,,,,0,NA,Y,11,185.6,45.65,6654.395895,73198.35485,0.19,0.18,0.19,136.8483578,
164,TOFO2,TOFO,2,Tocoyena formosa,,Punch,,,,,0,,,,0,NA,N,NA,129.91,84.48,8619.58525,8619.58525,0.62,0.69,0.67,#DIV/0!,
165,RAGU1,RAGU,1,Rapanea guianensis,,Punch,,,,,0,,,,0,NA,N,NA,93.4,42.9,3146.980485,3146.980485,0.37,0.38,0.39,#DIV/0!,
166,BOVI1,BOVI,1,Bowdichia virgilioides,,Punch,,,,,0,,,,0,NA,Y,13,73.4,20.97,1208.883282,15715.48267,0.27,0.26,0.26,#DIV/0!,
167,CABR4,CABR,4,Caryocar brasiliensis,,Punch,,,,,0,,,,0,,Y,3,84.7,71.65,4766.389031,14299.16709,0.55,0.54,0.45,#DIV/0!,
168,SOLY5,SOLY,1,Solanum lycocarpum,,Punch,,,,,0,,,,0,,N,NA,211.6,76.38,12693.6114,12693.6114,0.5,0.41,0.52,#DIV/0!,Originally labeled SOLY1; location in rectangle
169,PLPO4,PLPO,4,Plenckia populnea,,Punch,7.1,,0.103,17,6.730626641,,,,0,,N,NA,38.49,19.78,597.9489116,597.9489116,0.24,0.32,0.19,65.34588972,
170,STFE3,STFE,3,Styrax ferrugineus,,Punch,,,,,0,,,,0,,N,NA,72.22,38.28,2171.297311,2171.297311,0.56,0.56,0.55,#DIV/0!,
171,STFE4,STFE,4,Styrax ferrugineus,,Punch,7.1,,0.096,13,5.146949784,,,,0,,N,NA,67.65,49.94,2653.421357,2653.421357,0.56,0.45,0.55,53.61406025,
172,MYFA5,MYFA,5,Myrcia fallax,,Punch,7.1,,0.09,12,4.75103057,,,,0,,N,NA,41.6,8.17,266.9348446,266.9348446,0.27,0.29,0.28,52.78922856,
173,MYMU3,MYMU,3,Myrcia multiflora,,Punch,,,,,0,,,,0,,N,NA,33.7,19.28,510.3014611,510.3014611,0.25,0.22,0.22,#DIV/0!,
174,AMIN4,AMIN,4,Amaioua intermedia,,Punch,,,,,0,,,,0,,N,NA,223.49,71.95,12629.28533,12629.28533,0.2,0.21,0.22,#DIV/0!,
175,SCVI3,SCVI,3,Schefflera vinosa,,Punch,,,,,0,,,,0,,Y,7,96.42,26.32,1993.163353,13952.14347,0.35,0.29,0.29,#DIV/0!,
176,MYFA4,MYFA,4,Myrcia fallax,,Punch,,,,,0,,,,0,,N,NA,19.19,8.63,130.0695542,130.0695542,0.19,0.21,0.2,#DIV/0!,
177,KICO2,KICO,2,Kielmera coriacea,,Punch,,,,,0,,,,0,,N,NA,194.33,49.93,7620.637405,7620.637405,0.36,0.37,0.37,#DIV/0!,
178,SOLY4,SOLY,4,Solanum lycocarpum,,Punch,,,,,0,,,,0,,N,NA,186.58,67.27,9857.718174,9857.718174,0.52,0.48,0.51,#DIV/0!,
179,KICO3,KICO,3,Kielmera coriacea,,Punch,,,,,0,,,,0,,N,NA,129.87,40.85,4166.68609,4166.68609,0.37,0.39,0.38,#DIV/0!,
180,TOFO4,TOFO,4,Tocoyena formosa,,Punch,,,,,0,,,,0,,N,NA,112.91,63.91,5667.494487,5667.494487,0.49,0.49,0.56,#DIV/0!,
181,QUMU2,QUMU,2,Qualea multiflora,,Punch,,,,,0,,,,0,,N,NA,110.9,32.94,2869.095619,2869.095619,0.4,0.39,0.33,#DIV/0!,
182,POTO1,POTO,1,Pouteria torta,,Punch,,,,,0,,,,0,,N,NA,142.4,69.44,7766.218102,7766.218102,0.3,0.32,0.27,#DIV/0!,
183,Persea1-1,Persea1,,Persea?,,Punch,7.1,,0.088,16,6.334707427,,,,0,,N,NA,115.65,51.11,4642.38762,4642.38762,0.31,0.26,0.25,71.98531167,
184,PRMY1,PRMY,1,Prunus myrtifolia,,Punch,9.7,,0.177,17,12.56267924,,,,0,,N,NA,87.3,43.27,2966.818786,2966.818786,0.47,0.42,0.44,70.97558894,Pressed with fruit. Ficus sp? Not ficus. Smells good like vanilla. CHECK IF NAMED UNK2-1 in field
185,STFE5,STFE,5,Styrax ferrugineus,,Punch,,,,,0,,,,0,,N,NA,95.33,44.23,3311.588866,3311.588866,0.53,0.41,0.5,#DIV/0!,
186,POTO2,POTO,2,Pouteria torta,,Punch,7.1,,0.131,24,9.50206114,,,,0,,N,NA,98,54,4156.327081,4156.327081,0.28,0.3,0.27,72.53481786,
187,RAGU3,RAGU,3,Rapanea guianensis,,Punch,9.7,,0.154,18,13.30166037,,,,0,,N,NA,85.4,38.87,2607.127633,2607.127633,0.31,0.3,0.33,86.37441802,
188,RAGU2,RAGU,2,Rapanea guianensis,,Punch,7.1,,0.095,14,5.542868998,,,,0,,N,NA,67.83,24.64,1312.660455,1312.660455,0.37,0.39,0.4,58.34598946,
189,OUSP5,OUSP,5,Ouratea spectabilis,,Punch,9.7,,0.17,14,10.34573585,,,,0,,N,NA,91.69,34.8,2506.057885,2506.057885,0.44,0.45,0.38,60.85726969,
190,AMIN2,AMIN,2,Amaioua intermedia,,Punch,,,,,0,,,,0,,N,NA,133.89,44.92,4723.650648,4723.650648,0.34,0.23,0.2,#DIV/0!,
191,AMIN1,AMIN,1,Amaioua intermedia,,Punch,,,,,0,,,,0,,N,NA,82.44,37.39,2420.936117,2420.936117,0.34,0.24,0.28,#DIV/0!,
192,GOPO5,GOPO,5,Gochnatia polymorpha,,Punch,,,,,0,,,,0,,N,NA,119.75,58.59,5510.473288,5510.473288,0.35,0.39,0.42,#DIV/0!,
193,QUGR3,QUGR,3,Qualea grandiflora,,Punch,,,,,0,,,,0,,N,NA,129.28,52.58,5338.777317,5338.777317,0.5,0.43,0.55,#DIV/0!,
194,AEVE5,AEVE,5,Aegiphila verticillata,,Punch,9.7,,0.114,16,11.82369811,,,,0,,N,NA,116.63,61.79,5660.025036,5660.025036,0.29,0.34,0.33,103.7166501,
195,QUMU1,QUMU,1,Qualea multiflora,,Punch,7.1,,0.062,14,5.542868998,,,,0,,N,NA,116.55,52.03,4762.730254,4762.730254,0.36,0.28,0.29,89.40111288,
196,TEGL1,TEGL,1,Terminalia glabrescens,,Punch,,,,,0,,,,0,,N,NA,120.53,53.56,5070.206016,5070.206016,0.27,0.28,0.29,#DIV/0!,
197,ALED2,ALED,2,Alibertia edulis,,Punch,,,,,0,,,,0,,N,NA,203.2,88.1,14060.13509,14060.13509,0.36,0.4,0.35,#DIV/0!,
198,ROMO3,ROMO,3,Roupala montana,,Punch,,,,,0,,,,0,,N,NA,86.15,36.4,2462.898685,2462.898685,0.36,0.35,0.35,#DIV/0!,
199,ROMO4,ROMO,4,Roupala montana,,Punch,,,,,0,,,,0,,N,NA,135.63,77.36,8240.662052,8240.662052,0.38,0.38,0.39,#DIV/0!,
200,BARU1,BARU,1,Bauhinia rufus,,Punch,,,,,0,,,,0,,N,NA,86.6,77.4,5264.398226,5264.398226,0.48,0.51,0.5,#DIV/0!,
201,MYLI5,MYLI,5,Myrcia lingua,,Punch,,,,,0,,,,0,,N,NA,130,35.72,3647.074912,3647.074912,0.37,0.37,0.43,#DIV/0!,
202,LAHA1,LAHA,1,Lacistema hasserliana,,Punch,7.1,,0.044,13,5.146949784,,,,0,,N,NA,78.52,28.46,1755.112939,1755.112939,0.29,0.26,0.28,116.9761315,
203,ANCO4,ANCO,4,Annona coriacea,,Punch,9.7,,0.078,9,6.650830187,,,,0,,N,NA,84.08,70.15,4632.444872,4632.444872,0.5,0.51,0.45,85.26705369,
204,CASY3,CASY,3,Casearia sylvestris,,Punch,,,,,0,,,,0,,N,NA,53.78,22.18,936.8546594,936.8546594,0.15,0.15,0.18,#DIV/0!,
205,BARU3,BARU,3,Bauhinia rufus,,Punch,7.1,,0.051,14,5.542868998,,,,0,,N,NA,59.92,80.2,3774.296848,3774.296848,0.42,0.4,0.49,108.6837059,weird sample -- duplicate of baru3
206,PIRO1,PIRO,1,,,Punch,7.1,,0.079,11,4.355111356,,,,0,,N,NA,92.08,70.9,5127.449919,5127.449919,0.51,0.54,0.55,55.12799185,
207,STAD1,STAD,1,Stryphnodendron adstringens,,Punch,9.7,,0.087,9,6.650830187,,,,0,,Y,87,25.67,21.51,433.6667851,37729.0103,0.27,0.22,0.22,76.44632399,
208,DIBU4,DIBU,4,Diospyros burchelli,,Punch,7.1,,0.061,14,5.542868998,,,,0,,N,NA,140,70.42,7743.083413,7743.083413,0.42,0.47,0.58,90.86670489,
209,COSU1,COSU,1,Connerus suberosum,,Punch,7.1,,0.067,10,3.959192142,,,,0,,Y,7,59.81,34.89,1638.946032,11472.62223,0.35,0.33,0.39,59.09242003,
210,MILI5,MILI,5,Miconia ligustroides,,Punch,,,,,0,,,,0,,N,NA,58.05,26.4,1203.638393,1203.638393,0.21,0.24,0.27,#DIV/0!,
211,ZARH2,ZARH,2,Zanthoxylem rhoifolium,,Punch,,,,,0,,,,0,,Y,15,28.06,9.01,198.5648349,2978.472524,0.16,0.14,0.18,#DIV/0!,
212,STCA4,STCA,6,Styrax camporum,,Punch,,,,,0,,,,0,,N,NA,81.03,36.25,2306.979478,2306.979478,0.29,0.3,0.29,#DIV/0!,duplicate sample from STCA4 -- renamed STCA6
213,MAEL5,MAEL,5,Matayba eleagnoides,,Punch,7.1,,0.07,13,5.146949784,,,,0,,Y,10,47.26,17.37,644.7382218,6447.382218,0.28,0.24,0.24,73.52785406,
214,COSU2,COSU,2,Conneria suberosum,,Punch,7.1,,0.096,16,6.334707427,,,,0,,Y,7,54.24,35.86,1527.63587,10693.45109,0.38,0.37,0.4,65.98653569,
215,DARA1,DARA,1,Daphnopsis racemosa,,Punch,7.1,,0.058,13,5.146949784,,,,0,,N,NA,52.79,17.82,738.8380324,738.8380324,0.33,0.32,0.34,88.74051352,
216,ALED1,ALED,1,Alibertia edulis,,Punch,7.1,,0.078,12,4.75103057,,,,0,,N,NA,143.81,62.22,7027.631397,7027.631397,0.33,0.34,0.33,60.91064833,
217,COLA2,COLA,2,Copaifera langsdorffi,,Punch,7.1,,0.073,16,6.334707427,,,,0,,Y,8,46.27,24.48,889.6123315,7116.898652,0.2,0.22,0.2,86.77681406,
218,ROMO2,ROMO,2,Roupala montana,,Punch,7.1,,0.077,12,4.75103057,,,,0,,N,NA,180,85.78,12126.8618,12126.8618,0.34,0.35,0.37,61.70169571,
219,MAEL4,MAEL,4,Matayba eleagnoides,,Punch,7.1,,0.07,13,5.146949784,,,,0,,Y,8,69.77,23.88,1308.557849,10468.46279,0.24,0.25,0.24,73.52785406,
220,ANCO5,ANCO,5,Annona coriacea,,Punch,7.1,,0.085,13,5.146949784,,,,0,,N,NA,91.38,69.32,4975.074507,4975.074507,0.46,0.54,0.56,60.5523504,
221,BARU2,BARU,2,Bauhinia rufus,,Punch,7.1,,0.086,15,5.938788213,,,,0,,N,NA,117.89,93.33,8641.479716,8641.479716,0.39,0.44,0.48,69.05567689,
222,ROMO1,ROMO,1,Roupala montana,,Punch,7.1,,0.099,14,5.542868998,,,,0,,N,NA,116.94,56.58,5196.559616,5196.559616,0.36,0.36,0.35,55.98857574,
223,PLPO5,PLPO,5,Plenckia populnea,,Punch,7.1,,0.062,15,5.938788213,,,,0,,N,NA,83.26,39.84,2605.227283,2605.227283,0.2,0.32,0.24,95.78690665,
224,,,,BARU? Named BARU3 on bag,,,9.7,,0.084,10,7.389811319,,,,0,,,,,,,,,,,87.97394428,
225,CHMA3,CHMA,3,Chrysophyllum marginatum,,Punch,,,,,,,,,0,,N,NA,51.91,22.09,900.6097122,900.6097122,0.21,0.24,0.24,#DIV/0!,
226,CHMA2,CHMA,2,Chrysophyllum marginatum,,Punch,,,,,,,,,0,,N,NA,72.97,32.97,1889.527316,1889.527316,0.23,0.23,0.22,#DIV/0!,
227,TEGL2,TEGL,2,Terminalia glabrescens,,Punch,,,,,,,,,0,,N,NA,73.85,33.58,1947.695554,1947.695554,0.15,0.2,0.16,#DIV/0!,
228,TEGL3,TEGL,3,Terminalia glabrescens,,Punch,,,,,,,,,0,,N,NA,101.9,41.42,3314.928457,3314.928457,0.27,0.22,0.26,#DIV/0!,
229,LIMO1,LIMO,1,Lithraea molloides,,Punch,,,,,,,,,0,,Y,5,73.85,20.67,1198.894196,5994.470979,0.2,0.17,0.2,#DIV/0!,
230,TEGL4,TEGL,4,Terminalia glabrescens,,Punch,,,,,,,,,0,,N,NA,90.52,45.13,3208.48313,3208.48313,0.3,0.3,0.33,#DIV/0!,
231,COLA4,COLA,4,Copaifera langsdorffi,,Punch,,,,,,,,,0,,Y,6,48.77,21.97,841.5359894,5049.215936,0.17,0.17,0.18,#DIV/0!,
232,LIMO3,LIMO,3,Lithraea molloides,,Punch,,,,,,,,,0,,Y,5,80.71,26.03,1650.028315,8250.141573,0.26,0.24,0.22,#DIV/0!,
233,LIMO2,LIMO,2,Lithraea molloides,,Punch,,,,,,,,,0,,Y,5,72.7,15.81,902.7264388,4513.632194,0.25,0.23,0.25,#DIV/0!,
234,ZARH3,ZARH,3,Zanthoxylem rhoifolium,,Punch,,,,,,,,,0,,Y,13,24.31,12.12,231.4075157,3008.297705,0.17,0.2,0.2,#DIV/0!,
235,BOVI3,BOVI,3,Bowdichia virgilioides,,Punch,,,,,,,,,0,,Y,13,49.73,15.94,622.5821396,8093.567815,0.19,0.18,0.22,#DIV/0!,
236,COLA5,COLA,5,Copaifera langsdorffi,,Punch,,,,,,,,,0,,Y,6,56.9,22.9,1023.381661,6140.289965,0.14,0.14,0.13,#DIV/0!,
237,BOVI5,BOVI,5,Bowdichia virgilioides,,Punch,,,,,,,,,0,,Y,13,45.05,14.24,503.8423466,6549.950506,0.24,0.26,0.26,#DIV/0!,
238,STAD3,STAD,3,Stryphnodendron adstringens,,Punch,,,,,,,,,0,,Y,120,21.1,15.75,261.0074447,31320.89336,0.17,0.19,0.17,#DIV/0!,
239,BOVI3,BOVI,3,Bowdichia virgilioides,,Punch,,,,,,,,,0,,Y,15,59.96,13.6,640.4576447,9606.864671,0.25,0.22,0.24,#DIV/0!,
240,ERGR1,ERGR,1,Eriotheca gracilis,,Punch,,,,,,,,,0,,Y,3,75.16,35.62,2102.667335,6308.002004,0.35,0.4,0.39,#DIV/0!,
241,CAAD3,CAAD,3,Campomanesia adamantium,,Punch,,,,,,,,,0,,N,NA,69.63,25.64,1402.181708,1402.181708,0.47,0.43,0.42,#DIV/0!,
242,MABR2,MABR,2,Machaerium brasiliense,,Punch,,,,,,,,,0,,Y,9,51.21,15.36,617.7828856,5560.04597,0.19,0.18,0.2,#DIV/0!,
243,STCA5,STCA,5,Styrax camporum,,Punch,,,,,,,,,0,,N,NA,120.98,57.75,5487.258881,5487.258881,0.38,0.37,0.36,#DIV/0!,
244,STAD2,STAD,2,Stryphnodendron adstringens,,Punch,,,,,,,,,0,,Y,130,20.66,16.62,269.681539,35058.60008,0.29,0.25,0.27,#DIV/0!,
245,QUCO2,QUCO,2,Qualea cordata,,Punch,,,,,,,,,0,,N,NA,87.49,36.58,2513.575873,2513.575873,0.16,0.16,0.17,#DIV/0!,
246,MYTO3,MYTO,3,Myrcia tomentosa,,Punch,,,,,,,,,0,,N,NA,56.42,29.8,1320.502498,1320.502498,0.24,0.25,0.28,#DIV/0!,
247,ZEMO3,ZEMO,3,Zeyheria montana,,Punch,,,,,,,,,0,,Y,5,141.52,46.41,5158.450527,25792.25263,0.5,0.55,0.56,#DIV/0!,
248,SYPU1,SUPU,1,Symplocos pubescens,,Punch,,,,,,,,,0,,N,NA,81.61,36.62,2347.208121,2347.208121,0.35,0.37,0.36,#DIV/0!,
249,QUCO1,QUCO,1,Qualea cordata,,Punch,,,,,,,,,0,,N,NA,66.36,42.55,2217.664391,2217.664391,0.28,0.26,0.27,#DIV/0!,
250,MABR4,MABR,4,Machaerium brasiliense,,Punch,,,,,,,,,0,,Y,7,51.38,16.44,663.4157755,4643.910429,0.17,0.18,0.18,#DIV/0!,
251,RAGU4,RAGU,4,Rapanea guianensis,,Punch,,,,,,,,,0,,N,NA,97.37,58.27,4456.152751,4456.152751,0.33,0.36,0.33,#DIV/0!,
252,MABR3,MABR,3,Machaerium brasiliense,,Punch,,,,,,,,,0,,Y,5,53.75,16.58,699.9272083,3499.636041,0.13,0.14,0.13,#DIV/0!,
253,DIBU5,DIBU,5,Diospyros burchelli,,Punch,,,,,,,,,0,,N,NA,154.5,102.38,12423.20038,12423.20038,0.44,0.41,0.45,#DIV/0!,
254,CAAD5,CAAD,5,Campomanesia adamantium,,Punch,,,,,,,,,0,,N,NA,73.27,25.11,1444.983159,1444.983159,0.22,0.27,0.26,#DIV/0!,
255,SYPU2,SYPU,2,Symplocos pubescens,,Punch,,,,,,,,,0,,N,NA,100.34,39.79,3135.72463,3135.72463,0.36,0.3,0.28,#DIV/0!,
256,COLA3,COLA,3,Copaifera langsdorffi,,Punch,,,,,,,,,0,,Y,7,54.48,24.45,1046.178628,7323.250396,0.15,0.15,0.16,#DIV/0!,
257,ZEMO2,ZEMO,2,Zeyheria montana,,Punch,,,,,,,,,0,,Y,5,100.43,32.56,2568.252623,12841.26311,0.39,0.36,0.37,#DIV/0!,
258,GOPO4,GOPO,4,Gochnatia polymorpha,,Punch,,,,,,,,,0,,N,NA,100.4,37.58,2963.332403,2963.332403,0.41,0.4,0.39,#DIV/0!,
259,GOPO3,GOPO,3,Gochnatia polymorpha,,Punch,,,,,,,,,0,,N,NA,114.35,59.73,5364.368023,5364.368023,0.37,0.37,0.39,#DIV/0!,
260,CHMA1,CHMA,1,Chrysophyllum marginatum,,Punch,,,,,,,,,0,,N,NA,40.27,16.15,510.7919422,510.7919422,0.23,0.28,0.28,#DIV/0!,
261,SCVI5,SCVI,5,Schefflera vinosa,,Punch,,,,,,,,,0,,Y,7,84.45,19.65,1303.323092,9123.261642,0.42,0.38,0.37,#DIV/0!,
262,ANCO6,ANCO,6,Annona coriacea,,Punch,,,,,,,,,0,,N,NA,90.24,61.62,4367.276231,4367.276231,0.39,0.41,0.42,#DIV/0!,
263,LAHA2,LAHA,2,Lacistema hasserliana,,Punch,,,,,,,,,0,,N,NA,57.49,24.37,1100.36741,1100.36741,0.21,0.21,0.21,#DIV/0!,
264,CAAD4,CAAD,4,Campomanesia adamantium,,Punch,,,,,,,,,0,,N,NA,74.68,33.26,1950.816569,1950.816569,0.44,0.4,0.33,#DIV/0!,
265,STRO5,STRO,5,Stryphnodendron rotundifolium,,Punch,,,,,,,,,0,,Y,190,11.08,8.37,72.83751151,13839.12719,0.18,0.19,0.2,#DIV/0!,
266,SYPU3,SYPU,3,Symplocos pubescens,5-Jul,Punch,,,,,,,,,0,,N,NA,103.21,42.4,3436.984044,3436.984044,0.27,0.26,0.26,#DIV/0!,
267,ERGR3,ERGR,3,Eriotheca gracilis,5-Jul,Punch,,,,,,,,,0,,Y,5,74.57,29.82,1746.472146,8732.36073,0.42,0.44,0.41,#DIV/0!,
268,POTO3,POTO,3,Pouteria torta,5-Jul,Punch,,,,,,,,,0,,N,NA,91.48,50.53,3630.490758,3630.490758,0.33,0.28,0.29,#DIV/0!,
269,RAFE5A,RAFE,5,Rapanea ferruginea,5-Jul,Punch,,,,,,,,,0,,N,NA,76.1,18.7,1117.676564,1117.676564,0.22,0.24,0.23,#DIV/0!,
270,CASY4,CASY,4,Casearia sylvestris,5-Jul,Punch,,,,,,,,,0,,N,NA,59.68,22.19,1040.102159,1040.102159,0.22,0.19,0.17,#DIV/0!,
271,DAEL1,DAEL,1,,5-Jul,Punch,,,,,,,,,0,,N,NA,48.65,23.94,914.7383183,914.7383183,0.2,0.26,0.28,#DIV/0!,
272,QUGR4,QUGR,4,Qualea grandiflora,5-Jul,Punch,,,,,,,,,0,,N,NA,124.91,55.17,5412.402347,5412.402347,0.41,0.32,0.4,#DIV/0!,
273,DUFU4,DUFU,4,Duguettia furfurea,5-Jul,Punch,,,,,,,,,0,,N,NA,108.65,34.18,2916.699387,2916.699387,0.33,0.35,0.34,#DIV/0!,
274,ANDI3,ANDI,3,Annona dioica,5-Jul,Punch,,,,,,,,,0,,N,NA,147.56,91.37,10589.17566,10589.17566,0.43,0.34,0.42,#DIV/0!,
275,ROMO5,ROMO,5,Roupala montana,5-Jul,Punch,,,,,,,,,0,,N,NA,147.09,66.33,7662.721238,7662.721238,0.43,0.29,0.31,#DIV/0!,
276,ERGR2,ERGR,2,Eriotheca gracilis,5-Jul,Punch,,,,,,,,,0,,Y,5,87.23,32.11,2199.865148,10999.32574,0.36,0.39,0.43,#DIV/0!,
277,TOFO5,TOFO,5,Tocoyena formosa,5-Jul,Punch,,,,,,,,,0,,N,NA,158,88.15,10938.79,10938.79,0.57,0.66,0.67,#DIV/0!,
278,SYPU5,SYPU,5,Symplocos pubescens,7-Jul,Punch,,,,,,,,,0,,N,NA,116.13,39.59,3610.93615,3610.93615,0.26,0.27,0.26,#DIV/0!,
279,DUFU5,DUFU,5,Duguettia furfurea,7-Jul,Punch,,,,,,,,,0,,N,NA,123.51,43.47,4216.786796,4216.786796,0.34,0.33,0.34,#DIV/0!,
280,MABR5,MABR,5,Machaerium brasiliense,7-Jul,Punch,,,,,,,,,0,,Y,7,48.8,19.04,729.7542743,5108.27992,0.18,0.17,0.17,#DIV/0!,
281,ERGR5,ERGR,5,Eriotheca gracilis,7-Jul,Punch,,,,,,,,,0,,Y,5,139.07,57.38,6267.34901,31336.74505,0.35,0.35,0.35,#DIV/0!,
282,COSU3,COSU,3,Connarus suberosum,7-Jul,Punch,,,,,,,,,0,,Y,6,57.11,37.14,1665.88087,9995.285218,0.53,0.43,0.46,#DIV/0!,
283,CASY5,CASY,5,Casearia sylvestris,7-Jul,Punch,,,,,,,,,0,,N,NA,56.95,16.63,743.8337145,743.8337145,0.12,0.11,0.11,#DIV/0!,
284,SYPU4,SYPU,4,Symplocos pubescens,7-Jul,Punch,,,,,,,,,0,,N,NA,78.24,27.24,1673.885805,1673.885805,0.35,0.32,0.36,#DIV/0!,
285,RAGU5,RAGU,5,Rapanea guianensis,7-Jul,Punch,,,,,,,,,0,,N,NA,70.27,34.8,1920.609527,1920.609527,0.41,0.42,0.41,#DIV/0!,
286,RAUM4,RAUM,4,Rapanea umbellata,7-Jul,Punch,,,,,,,,,0,,N,NA,114.94,40.78,3681.360055,3681.360055,0.5,0.45,0.42,#DIV/0!,
287,PEOB4,PEOB,4,Pera obovata,7-Jul,Punch,,,,,,,,,0,,N,NA,63.51,38.53,1921.900957,1921.900957,0.28,0.28,0.22,#DIV/0!,
288,ERGR4,ERGR,4,Eriotheca gracilis,7-Jul,Punch,,,,,,,,,0,,Y,5,68.34,31.61,1696.638632,8483.193162,0.35,0.31,0.35,#DIV/0!,
289,MYMU4,MYMU,4,Myrcia multiflora,7-Jul,Punch,,,,,,,,,0,,N,NA,41.25,18.06,585.1019968,585.1019968,0.24,0.3,0.24,#DIV/0!,
290,QUGR5,QUGR,5,Qualea grandiflora,7-Jul,Punch,,,,,,,,,0,,N,NA,140.41,42.72,4711.065742,4711.065742,0.29,0.28,0.28,#DIV/0!,
291,TAOC4,TAOC,4,Tabebuia ochracea,7-Jul,Punch,,,,,,,,,0,,Y,5,76.04,35.81,2138.63323,10693.16615,0.41,0.42,0.39,#DIV/0!,
292,MYTO5,MYTO,5,Myrcia tomentosa,7-Jul,Punch,,,,,,,,,0,,N,NA,88.18,44.13,3056.285375,3056.285375,0.21,0.22,0.24,#DIV/0!,
293,BYCO2,BYCO,2,Byrsonima cocolobifolia,7-Jul,Punch,,,,,,,,,0,,N,NA,59.6,42.6,1994.094521,1994.094521,0.23,0.26,0.25,#DIV/0!,
294,TAGU5,TAGU,5,Taparira guianensis,7-Jul,Punch,,,,,,,,,0,,Y,9,75.82,25.15,1497.654552,13478.89097,0.2,0.23,0.23,#DIV/0!,
295,JACA4,JACA,4,Jacaranda caroba,7-Jul,Scan,,,,,,,,354596,10.00748711,3,Y,195,20.45,5.96,95.72589895,18666.5503,0.16,0.17,0.17,#DIV/0!,
296,JACA3,JACA,3,Jacaranda caroba,7-Jul,Scan,,,,,,,,548731,15.48640822,3,Y,120,30.48,6.36,152.2516331,18270.19597,0.14,0.15,0.15,#DIV/0!,
297,T2,STRO,,Stryphnodendron rotundifolium,,Scan,,,2.6,,,,,2455111,69.28868822,1,Y,151,NA,NA,45.88654849,6928.868822,NA,NA,NA,26.64949547,
298,T4,MYFA,,Myrica fallax,,Scan,,,0.9,,,,,1216143,34.322258,54,N,NA,NA,NA,63.55973704,63.55973704,NA,NA,NA,38.13584222,
299,T3,OCCO,,Ocotea corymbosa,,Scan,,,3.3,,,,,3704521,104.5498149,20,N,NA,NA,NA,522.7490744,522.7490744,NA,NA,NA,31.68176209,
300,T1,GOPO,,Gochnatia polymorpha,,Scan,,,1.9,,,,,2015400,56.87906667,16,N,NA,NA,NA,355.4941667,355.4941667,NA,NA,NA,29.93635088,
301,COSU5,COSU,5,Connarus suberosum,11-Jul,Punch,,,,,,,,,0,,Y,7,53.23,39.45,1649.27606,11544.93242,0.3,0.36,0.31,#DIV/0!,
302,COSU4,COSU,4,Connarus suberosum,11-Jul,Punch,,,,,,,,,0,,Y,7,48.04,27.87,1051.549809,7360.848663,0.27,0.29,0.32,#DIV/0!,
303,QUCO5,QUCO,5,Qualea cordata,11-Jul,Punch,,,,,,,,,0,,N,NA,104.63,48.87,4015.951375,4015.951375,0.26,0.2,0.24,#DIV/0!,
304,ALED3,ALED,3,Alibertia edulis,11-Jul,Punch,,,,,,,,,0,,N,NA,126.62,74.02,7361.075486,7361.075486,0.23,0.25,0.27,#DIV/0!,
305,BYCO4,BYCO,4,Byrsonima cocolobifolia,11-Jul,Punch,,,,,,,,,0,,N,NA,97.68,46.5,3567.372706,3567.372706,0.32,0.3,0.31,#DIV/0!,
306,LUGR1,LUGR,1,Luehea grandiflora,11-Jul,Punch,,,,,,,,,0,,N,NA,100.58,94.71,7481.64934,7481.64934,0.47,0.46,0.47,#DIV/0!,
307,JACA5,JACA,5,Jacaranda caroba,11-Jul,Scan,,,,,,,,312880,8.830168889,4,Y,75,19.76,5.12,79.45967467,5959.4756,0.16,0.13,0.16,#DIV/0!,
308,RAFE4,RAFE,4,Rapanea ferruginea,11-Jul,Punch,,,,,,,,,0,,N,NA,97.15,36.65,2796.447467,2796.447467,0.47,0.45,0.45,#DIV/0!,
309,PEOB5,PEOB,5,Pera obovata,11-Jul,Punch,,,,,,,,,0,,N,NA,68.68,42.09,2270.382829,2270.382829,0.28,0.23,0.25,#DIV/0!,
310,LAHA4,LAHA,4,Lacistema hasserliana,11-Jul,Punch,,,,,,,,,0,,N,NA,85.53,32.65,2193.267175,2193.267175,0.23,0.23,0.24,#DIV/0!,
311,LAHA3,LAHA,3,Lacistema hasserliana,11-Jul,Punch,,,,,,,,,0,,N,NA,98.76,34.85,2703.172403,2703.172403,0.24,0.26,0.25,#DIV/0!,
312,BARU5,BARU,5,Bauhinia rufus,11-Jul,Punch,,,,,,,,,0,,N,NA,83.44,89.3,5852.152512,5852.152512,0.34,0.36,0.38,#DIV/0!,
313,PLEL1,PLEL,1,Platypodium elegans,11-Jul,Punch,,,,,,,,,0,,Y,13,41.01,14.56,468.9656416,6096.553341,0.2,0.21,0.21,#DIV/0!,
314,CUVE1,CUVE,1,Cupania vernalis,11-Jul,Punch,,,,,,,,,0,,Y,12,99.38,39.19,3058.891955,36706.70346,0.27,0.18,0.23,#DIV/0!,
315,BYCO3,BYCO,3,Byrsonima cocolobifolia,11-Jul,Punch,,,,,,,,,0,,N,NA,98.35,48.04,3710.797406,3710.797406,0.31,0.31,0.32,#DIV/0!,
316,RAUM5,RAUM,5,Rapanea umbellata,11-Jul,Punch,,,,,,,,,0,,N,NA,98.91,32,2485.879435,2485.879435,0.35,0.36,0.33,#DIV/0!,
317,QUCO3,QUCO,3,Qualea cordata,11-Jul,Punch,,,,,,,,,0,,N,NA,117.6,56.1,5181.554427,5181.554427,0.24,0.25,0.26,#DIV/0!,
318,VOTU5,VOTU,5,Vochysia tucanorum,11-Jul,Punch,,,,,,,,,0,,N,NA,77.2,24.32,1474.588193,1474.588193,0.32,0.31,0.33,#DIV/0!,
319,MYMU5,MYMU,5,Myrcia multiflora,11-Jul,Punch,,,,,,,,,0,,N,NA,53.64,21.44,903.2405605,903.2405605,0.26,0.27,0.24,#DIV/0!,
320,QUCO4,QUCO,4,Qualea cordata,11-Jul,Punch,,,,,,,,,0,,N,NA,104.31,57.93,4745.908439,4745.908439,0.26,0.26,0.26,#DIV/0!,
321,CAGU2,CAGU,2,Campomanesia guazumifolia,14-Jul,Punch,,,,,,,,,0,,N,NA,83.01,30.52,1989.778915,1989.778915,0.28,0.34,0.31,#DIV/0!,
322,SIGU4,SIGU,4,Siparuna guanensis,14-Jul,Punch,,,,,,,,,0,,N,NA,134.68,59.06,6247.2147,6247.2147,0.25,0.28,0.27,#DIV/0!,
323,CAGU5,CAGU,5,Campomanesia guazumifolia,14-Jul,Punch,,,,,,,,,0,,N,NA,99.45,40.09,3131.3436,3131.3436,0.31,0.21,0.27,#DIV/0!,
324,CASY6,CASY,6,Casearia sylvestris,14-Jul,Punch,,,,,,,,,0,,N,NA,70.48,24.51,1356.747681,1356.747681,0.14,0.15,0.15,#DIV/0!,
325,COLA6,COLA,6,Copaifera langsdorffi,14-Jul,Punch,,,,,,,,,0,,Y,6,68.22,33.34,1786.352623,10718.11574,0.16,0.18,0.17,#DIV/0!,
326,SIGU3,SIGU,3,Siparuna guanensis,14-Jul,Punch,,,,,,,,,0,,N,NA,195.81,76.24,11724.85921,11724.85921,0.22,0.24,0.21,#DIV/0!,
327,OCMI4,OCMI,4,Ocotea minarum,14-Jul,Punch,,,,,,,,,0,,N,NA,148.96,44.15,5165.236995,5165.236995,0.2,0.2,0.21,#DIV/0!,
328,OCVE3,OCVE,3,Ocotea velloziana,14-Jul,Punch,,,,,,,,,0,,N,NA,109.32,57.92,4972.995401,4972.995401,0.25,0.19,0.21,#DIV/0!,
329,ANCA1,ANCA,1,Annona cagans,14-Jul,Punch,,,,,,,,,0,,N,NA,169.67,47.2,6289.801501,6289.801501,0.19,0.19,0.18,#DIV/0!,
330,OCVE5,OCVE,5,Ocotea velloziana,14-Jul,Punch,,,,,,,,,0,,N,NA,119.18,56.58,5296.100351,5296.100351,0.27,0.3,0.28,#DIV/0!,
331,OCMI3,OCMI,3,Ocotea minarum,14-Jul,Punch,,,,,,,,,0,,N,NA,91.35,25.76,1848.180109,1848.180109,0.17,0.17,0.2,#DIV/0!,
332,CAGU4,CAGU,4,Campomanesia guazumifolia,14-Jul,Punch,,,,,,,,,0,,N,NA,113.77,49.91,4459.695525,4459.695525,0.26,0.26,0.28,#DIV/0!,
333,OCVE4,OCVE,4,Ocotea velloziana,14-Jul,Punch,,,,,,,,,0,,N,NA,176.58,89.63,12430.39102,12430.39102,0.31,0.27,0.27,#DIV/0!,
334,OCVE6,OCVE,6,Ocotea velloziana,14-Jul,Punch,,,,,,,,,0,,N,NA,132.29,57.32,5955.566516,5955.566516,0.24,0.25,0.23,#DIV/0!,Relable from field -- tree 9235
335,CAGU3,CAGU,3,Campomanesia guazumifolia,14-Jul,Punch,,,,,,,,,0,,N,NA,59.71,40.06,1878.658741,1878.658741,0.28,0.25,0.29,#DIV/0!,
336,OCMI1,OCMI,1,Ocotea minarum,14-Jul,Punch,,,,,,,,,0,,N,NA,142.93,32.99,3703.357094,3703.357094,0.22,0.21,0.19,#DIV/0!,
337,EUMY1,EUMY,1,Eugenia myrcianthes,14-Jul,Punch,,,,,,,,,0,,N,NA,108.59,48.19,4109.950968,4109.950968,0.39,0.43,0.43,,
338,OCVE2,OCVE,2,Ocotea velloziana,14-Jul,Punch,,,,,,,,,0,,N,NA,74.99,24.19,1424.71863,1424.71863,0.26,0.25,0.26,,
339,OCVE1,OCVE,1,Ocotea velloziana,14-Jul,Punch,,,,,,,,,0,,N,NA,144.97,52.8,6011.764268,6011.764268,0.25,0.26,0.25,,
340,OCMI2,OCMI,2,Ocotea minarum,14-Jul,Punch,,,,,,,,,0,,N,NA,77.92,21.18,1296.178403,1296.178403,0.24,0.26,0.22,,
341,OCMI6,OCMI,6,Ocotea minarum,14-Jul,Punch,,,,,,,,,0,,N,NA,107.58,26.51,2239.912993,2239.912993,0.27,0.27,0.24,,Tree 9236
342,CAGU1,CAGU,1,Campomanesia guazumifolia,14-Jul,Punch,,,,,,,,,0,,N,NA,76.64,36.94,2223.526289,2223.526289,0.25,0.34,0.32,,
343,BALO1,BALO,1,Bauhinia longifolia,15-Jul,Punch,,,,,,,,,0,,N,NA,67.54,55.21,2928.658174,2928.658174,0.25,0.28,0.27,,no tag
344,LIMO5,LIMO,5,Lithraea molloides,15-Jul,Punch,,,,,,,,,0,,Y,5,87.36,20.54,1409.298358,7046.491791,0.23,0.26,0.23,,no tag
345,LAHA5,LAHA,5,Lacistema hasserliana,15-Jul,Punch,,,,,,,,,0,,N,NA,97.36,31.13,2380.397948,2380.397948,0.23,0.24,0.22,,2699
346,NEOP1,NEOP,1,Nectandra oppositifolia,15-Jul,Punch,,,,,,,,,0,,N,NA,185.25,77.57,11286.04791,11286.04791,0.38,0.37,0.38,,2850
347,TAOC5,TAOC,5,Tabebuia ochracea,15-Jul,Punch,,,,,,,,,0,,Y,5,110.52,63.73,5531.904526,27659.52263,0.36,0.37,0.37,,2743
348,LUCA1,LUCA,1,Luehea candicans,15-Jul,Punch,,,,,,,,,0,,N,NA,85.57,43.18,2901.97757,2901.97757,0.19,0.18,0.2,,no tag
349,CUVE2,CUVE,2,Cupania vernalis,15-Jul,Punch,,,,,,,,,0,,Y,9,147.35,55.54,6427.556412,57848.00771,0.21,0.19,0.2,,2774
350,ALED4,ALED,4,Alibertia edulis,15-Jul,Punch,,,,,,,,,0,,N,NA,116.72,41.44,3798.874155,3798.874155,0.18,0.23,0.21,,2775
351,OCMI5,OCMI,5,Ocotea minarum,15-Jul,Punch,,,,,,,,,0,,N,NA,123.64,27.52,2672.374428,2672.374428,0.21,0.2,0.23,,2760
352,EUMY2,EUMY,2,Eugenia myrcianthes,15-Jul,Punch,,,,,,,,,0,,N,NA,69.79,39.26,2151.955939,2151.955939,0.28,0.32,0.26,,2863
353,SIGU2,SIGU,2,Siparuna guanensis,15-Jul,Punch,,,,,,,,,0,,N,NA,131.33,56.94,5873.152645,5873.152645,0.29,0.27,0.26,,9144
354,LIMO4,LIMO,4,Lithraea molloides,15-Jul,Punch,,,,,,,,,0,,Y,5,75.62,22.91,1360.666347,6803.331734,0.26,0.24,0.23,,2784
355,SIGU5,SIGU,5,Siparuna guanensis,15-Jul,Punch,,,,,,,,,0,,N,NA,181.32,98.33,14003.01748,14003.01748,0.24,0.23,0.23,,no tag
356,CUTE1,CUTE,1,Cupania tenuivalvis,15-Jul,Punch,,,,,,,,,0,,Y,4,70.23,36.28,2001.150852,8004.603409,0.28,0.35,0.33,,2841
357,EUMY4,EUMY,4,Eugenia myrcianthes,15-Jul,Punch,,,,,,,,,0,,N,NA,102.08,32.43,2600.024806,2600.024806,0.26,0.25,0.24,,2843
358,PRHE2,PRHE,2,Protium heptaphyllum,15-Jul,Punch,,,,,,,,,0,,Y,5,86.46,27.34,1856.537059,9282.685296,0.18,0.18,0.15,,2779
359,MIAL2,MIAL,2,Miconia albicans,18-Jul,Punch,,,,,,,,,0,,N,5,95.64,73.46,5517.983186,27589.91593,0.23,0.2,0.23,,
360,CUVE3,CUVE,3,Cupania vernalis,18-Jul,Punch,,,,,,,,,0,,Y,13,184.6,60.59,8784.610913,114199.9419,0.22,0.24,0.22,,
361,CUVE4,CUVE,4,Cupania vernalis,18-Jul,Punch,,,,,,,,,0,,Y,16,115.19,30.03,2716.814534,43469.03254,0.16,0.18,0.18,,check against clipboard
362,DIMO4,DIMO,4,Dimorphandra mollis,18-Jul,Scan,,,,,,,,506938,14.30691689,1,Y,450,9.63,5.4,40.84227529,18379.02388,0.16,0.17,0.18,,check if bags labeled DIMO3 -- actually DIMO4
363,ZEMO4,ZEMO,4,Zeyheria montana,18-Jul,Punch,,,,,,,,,0,,Y,7,107.4,34.63,2921.101544,20447.71081,0.24,0.27,0.26,,
364,BADR4,BADR,4,Baccharis dracunculifolia,18-Jul,Scan,,,,,,,,503037,14.196822,NA,N,NA,21.88,4.12,70.80018868,70.80018868,0.2,0.22,0.19,,
365,LUGR2,LUGR,2,Luehea grandiflora,18-Jul,Punch,,,,,,,,,0,,N,NA,179.38,111.7,15736.82351,15736.82351,0.29,0.25,0.22,,
366,BADR3,BADR,3,Baccharis dracunculifolia,18-Jul,Scan,,,,,,,,768273,21.68237133,NA,N,NA,29.02,5.74,130.827542,130.827542,0.18,0.19,0.2,,
367,LUGR3,LUGR,3,Luehea grandiflora,18-Jul,Punch,,,,,,,,,0,,N,NA,137.09,106.81,11500.25772,11500.25772,0.26,0.26,0.28,,
368,STAD4,STAD,4,Stryphnodendron adstringens,18-Jul,Punch,,,,,,,,,0,,Y,420,17.07,11.89,159.4062177,66950.61142,0.18,0.15,0.15,,
369,BADR2,BADR,2,Baccharis dracunculifolia,18-Jul,Scan,,,,,,,,845957,23.87478644,NA,N,NA,24.51,5.5,105.8755994,105.8755994,0.19,0.19,0.12,,
370,BADR5,BADR,5,Baccharis dracunculifolia,18-Jul,Scan,,,,,,,,652022,18.40150978,NA,N,NA,24.62,6.28,121.4332375,121.4332375,0.18,0.17,0.16,,
371,DIMO5,DIMO,5,Dimorphandra mollis,18-Jul,Scan,,,,,,,,626461,17.68012156,NA,Y,800,11.89,5.33,49.77358759,39818.87007,0.17,0.14,0.14,,
372,ANFA1,ANFA,1,Anadenanthera falcata,20-Jul,Scan,NA,NA,,NA,NA,NA,ANFA1.bmp,305528,8.622679111,NA,Y,1560,6.15,1.34,6.472466265,10097.04737,0.2,0.14,0.14,,Excel screwup -- check data sheets for comments if problems 
373,ANFA2,ANFA,2,Anadenanthera falcata,20-Jul,Scan,NA,NA,,NA,NA,NA,ANFA2.bmp,259650,7.3279,NA,Y,420,5.23,1.1,4.518395634,1897.726166,0.16,0.13,0.17,,
374,ANFA3,ANFA,3,Anadenanthera falcata,20-Jul,Scan,NA,NA,,NA,NA,NA,ANFA3.bmp,324472,9.157320889,NA,Y,1974,8.15,1.52,9.729512448,19206.05757,0.26,0.26,0.15,,
375,ANFA4,ANFA,4,Anadenanthera falcata,20-Jul,Scan,NA,NA,,NA,NA,NA,ANFA4.bmp,146070,4.12242,NA,Y,1440,6.09,1.22,5.835351274,8402.905835,0.22,0.13,0.17,,
376,ANFA5,ANFA,5,Anadenanthera falcata,20-Jul,Scan,NA,NA,,NA,NA,NA,ANFA5.bmp,380010,10.72472667,NA,Y,1736,7.38,1.74,10.0854549,17508.3497,0.16,0.19,0.17,,
377,PLRE1,PLRE,1,Platymenia reticulata,20-Jul,Scan,NA,NA,,NA,NA,NA,PLRE1.bmp,423197,11.94355978,NA,Y,127,14.53,8.33,95.06058817,12072.6947,0.16,0.16,0.17,,
378,GUNI1,GUNI,1,Guatteria nigrescens,20-Jul,Punch,,,,,,,,,0,,N,NA,61.31,23,1107.513512,1107.513512,0.23,0.23,0.22,,
379,QUMU3,QUMU,3,Qualea multiflora,20-Jul,Punch,,,,,,,,,0,,N,NA,178.93,74.05,10406.34227,10406.34227,0.24,0.31,0.28,,
380,DARA2,DARA,2,Daphnopsis racemosa,20-Jul,Punch,,,,,,,,,0,,N,NA,80.23,20.42,1286.715141,1286.715141,0.3,0.29,0.29,,
381,DARA3,DARA,3,Daphnopsis racemosa,20-Jul,Punch,,,,,,,,,0,,N,NA,66.66,14.14,740.2946318,740.2946318,0.28,0.26,0.27,,
382,GUNI2,GUNI,2,Guatteria nigrescens,20-Jul,Punch,,,,,,,,,0,,N,NA,76.07,32.69,1953.07184,1953.07184,0.23,0.21,0.22,,
383,QUMU4,QUMU,4,Qualea multiflora,20-Jul,Punch,,,,,,,,,0,,N,NA,126.01,41.75,4131.914942,4131.914942,0.24,0.22,0.22,,
384,GUNI3,GUNI,3,Guatteria nigrescens,20-Jul,Punch,,,,,,,,,0,,N,NA,82.48,29.53,1912.942784,1912.942784,0.23,0.22,0.22,,
385,POTO4,POTO,4,Pouteria torta,20-Jul,Punch,,,,,,,,,0,,N,NA,182.01,76.44,10927.12244,10927.12244,0.29,0.31,0.26,,
386,BYCO5,BYCO,5,Byrsonima cocolobifolia,20-Jul,Punch,,,,,,,,,0,,N,NA,78.15,48.11,2952.937266,2952.937266,0.39,0.33,0.4,,
387,SIGU6,SIGU,6,Siparuna guanensis,20-Jul,Punch,,,,,,,,,0,,N,NA,140.72,57.12,6312.972632,6312.972632,0.23,0.25,0.26,,Labeled CALU2 originally - certainly a SIGU
388,AMIN6,AMIN,6,Amaioua intermedia,20-Jul,Punch,,,,,,,,,0,,N,NA,127.09,39.09,3901.817314,3901.817314,0.25,0.26,0.26,,
389,DARA4,DARA,4,Daphnopsis racemosa,20-Jul,Punch,,,,,,,,,0,,N,NA,84.7,17.64,1173.469679,1173.469679,0.35,0.37,0.31,,
390,NECU1,NECU,1,Nectandra cuspidata,20-Jul,Punch,,,,,,,,,0,,N,NA,126.04,25.46,2520.325742,2520.325742,0.32,0.23,0.23,,
391,GUNI4,GUNI,4,Guatteria nigrescens,20-Jul,Punch,,,,,,,,,0,,N,NA,99,32.66,2539.459298,2539.459298,0.21,0.2,0.2,,
392,MYVE1,MYVE,1,Myrcia venulosa,20-Jul,Punch,,,,,,,,,0,,N,NA,52.1,24.89,1018.479991,1018.479991,0.4,0.44,0.44,,
393,AMIN5,AMIN,5,Amaioua intermedia,20-Jul,Punch,,,,,,,,,0,,N,NA,91.18,44.04,3153.819104,3153.819104,0.19,0.22,0.2,,
394,DARA5,DARA,5,Daphnopsis racemosa,20-Jul,Punch,,,,,,,,,0,,N,NA,58.91,15.37,711.1361752,711.1361752,0.31,0.32,0.3,,
395,PLRE2,PLRE,2,Platymenia reticulata,20-Jul,Punch,,,,,,,,,0,,Y,70,16.86,9.93,131.4912034,9204.384241,0.12,0.12,0.12,,
396,QUMU5,QUMU,5,Qualea multiflora,20-Jul,Punch,,,,,,,,,0,,N,NA,125.23,38.34,3770.946496,3770.946496,0.31,0.29,0.3,,
397,POTO5,POTO,5,Pouteria torta,20-Jul,Punch,,,,,,,,,0,,N,NA,167.47,73.62,9683.285012,9683.285012,0.35,0.27,0.32,,
398,PLRE5,PLRE,5,Platymenia reticulata,24-Jul,Punch,,,,,,,,,,,Y,100,17.33,8.92,121.4096755,12140.96755,0.15,0.2,0.13,,
399,NECU5,NECU,5,Nectandra cuspidata,24-Jul,Punch,,,,,,,,,,,N,NA,121.39,35.61,3395.038992,3395.038992,0.17,0.17,0.16,,
400,MYVE2,MYVE,2,Myrcia venulosa,24-Jul,Punch,,,,,,,,,,,N,NA,66.99,30.52,1605.773877,1605.773877,0.37,0.32,0.36,,
401,NECU4,NECU,4,Nectandra cuspidata,24-Jul,Punch,,,,,,,,,,,N,NA,148.85,32.43,3791.278334,3791.278334,0.21,0.21,0.21,,
402,MYVE5,MYVE,5,Myrcia venulosa,24-Jul,Punch,,,,,,,,,,,N,NA,65.38,29.59,1519.426732,1519.426732,0.3,0.28,0.31,,
403,STRO6,STRO,6,Stryphnodendron rotundifolium,24-Jul,Punch,,,,,,,,,,,Y,520,14.19,10.23,114.0113034,59285.87775,0.18,0.18,0.16,,
404,PLRE4,PLRE,4,Platymenia reticulata,24-Jul,Punch,,,,,,,,,,,Y,53,31.91,18.28,458.1343726,24281.12175,0.23,0.23,0.25,,
405,POTO6,POTO,6,Pouteria torta,24-Jul,Punch,,,,,,,,,,,N,NA,155.87,88.31,10810.91124,10810.91124,0.21,0.24,0.25,,
406,NECU3,NECU,3,Nectandra cuspidata,24-Jul,Punch,,,,,,,,,,,N,NA,113.56,23.37,2084.365987,2084.365987,0.2,0.2,0.21,,
407,PRHE3,PRHE,3,Protium heptaphyllum,24-Jul,Punch,,,,,,,,,,,N,NA,132.28,43.07,4474.648642,4474.648642,0.16,0.14,0.14,,
408,MYVE3,MYVE,3,Myrcia venulosa,24-Jul,Punch,,,,,,,,,,,N,NA,40.76,25.47,815.3667582,815.3667582,0.35,0.36,0.35,,
409,PLRE3,PLRE,3,Platymenia reticulata,24-Jul,Punch,,,,,,,,,,,Y,81,19.01,11.58,172.894253,14004.43449,0.09,0.11,0.11,,
410,NECU2,NECU,2,Nectandra cuspidata,24-Jul,Punch,,,,,,,,,,,N,NA,108.35,25.61,2179.356989,2179.356989,0.16,0.16,0.16,,
411,GUNI5,GUNI,5,Guatteria nigrescens,24-Jul,Punch,,,,,,,,,,,N,NA,131.38,46.39,4786.780481,4786.780481,0.19,0.18,0.22,,
412,EUPU1,EUPU,1,Eugenia punicifolia,24-Jul,Punch,,,,,,,,,,,N,NA,49.24,17.91,692.6335297,692.6335297,0.26,0.28,0.26,,
413,MYVE4,MYVE,4,Myrcia venulosa,24-Jul,Punch,,,,,,,,,,,N,NA,76.46,35.49,2131.229281,2131.229281,0.36,0.34,0.32,,
414,CUTE4,CUTE,4,Cupania tenuivalvis,24-Jul,Punch,,,,,,,,,,,Y,11,77.97,24.57,1504.605247,16550.65772,0.11,0.09,0.12,,
415,MIAL4,MIAL,4,Miconia albicans,24-Jul,Punch,,,,,,,,,,,N,NA,140.56,51.33,5666.604395,5666.604395,0.28,0.33,0.32,,
416,EUPU2,EUPU,2,Eugenia punicifolia,24-Jul,Punch,,,,,,,,,,,N,NA,52.44,20.82,857.4983431,857.4983431,0.26,0.24,0.25,,
417,CUTE2,CUTE,2,Cupania tenuivalvis,24-Jul,Punch,,,,,,,,,,,Y,15,48.28,17.76,673.4418543,10101.62781,0.12,9,0.13,,
418,CUTE3,CUTE,3,Cupania tenuivalvis,24-Jul,Punch,,,,,,,,,,,Y,17,79.84,29.4,1843.561967,31340.55344,0.11,0.1,0.1,,
